CCS PCM C Compiler, Version 5.080, 43599               17-jun-19 14:41

               Filename:   C:\Users\Leonardo\MPLABXProjects\pic_ph_atlas_emu.X\build\default\production\main.lst

               ROM used:   3618 words (22%)
                           Largest free fragment is 2048
               RAM used:   293 (14%) at main() level
                           356 (17%) worst case
               Stack used: 0 locations
               Stack size: 16

*
0000:  MOVLP  08
0001:  GOTO   546
0002:  NOP
0004:  CLRF   03
0005:  MOVLP  00
0006:  MOVLB  00
0007:  MOVF   77,W
0008:  MOVWF  20
0009:  MOVF   78,W
000A:  MOVWF  21
000B:  MOVF   79,W
000C:  MOVWF  22
000D:  MOVF   7A,W
000E:  MOVWF  23
000F:  CLRF   05
0010:  MOVLW  91
0011:  MOVWF  04
0012:  BTFSS  00.3
0013:  GOTO   016
0014:  BTFSC  11.3
0015:  GOTO   01F
0016:  MOVF   20,W
0017:  MOVWF  77
0018:  MOVF   21,W
0019:  MOVWF  78
001A:  MOVF   22,W
001B:  MOVWF  79
001C:  MOVF   23,W
001D:  MOVWF  7A
001E:  RETFIE
001F:  MOVLP  00
0020:  GOTO   021
....................  
.................... #include <16F18326.h> 
.................... //////////// Standard Header file for the PIC16F18326 device //////////////// 
.................... /////////////////////////////////////////////////////////////////////////// 
.................... ////        (C) Copyright 1996, 2014 Custom Computer Services          //// 
.................... //// This source code may only be used by licensed users of the CCS C  //// 
.................... //// compiler.  This source code may only be distributed to other      //// 
.................... //// licensed users of the CCS C compiler.  No other use, reproduction //// 
.................... //// or distribution is permitted without written permission.          //// 
.................... //// Derivative programs created using this software in object code    //// 
.................... //// form are not restricted in any way.                               //// 
.................... /////////////////////////////////////////////////////////////////////////// 
.................... #device PIC16F18326 
*
02D3:  MOVLB  03
02D4:  MOVF   68,W
02D5:  BTFSC  03.2
02D6:  GOTO   368
02D7:  MOVLB  04
02D8:  MOVWF  20
02D9:  MOVLB  03
02DA:  MOVF   6C,W
02DB:  BTFSC  03.2
02DC:  GOTO   368
02DD:  MOVLB  04
02DE:  ADDWF  20,F
02DF:  BTFSC  03.0
02E0:  GOTO   2EC
02E1:  MOVLW  7F
02E2:  SUBWF  20,F
02E3:  BTFSC  03.0
02E4:  GOTO   2E7
02E5:  MOVLB  03
02E6:  GOTO   368
02E7:  BTFSS  03.2
02E8:  GOTO   2EB
02E9:  MOVLB  03
02EA:  GOTO   368
02EB:  GOTO   2F2
02EC:  MOVLW  81
02ED:  ADDWF  20,F
02EE:  BTFSS  03.0
02EF:  GOTO   2F2
02F0:  MOVLB  03
02F1:  GOTO   368
02F2:  MOVF   20,W
02F3:  MOVWF  77
02F4:  CLRF   78
02F5:  CLRF   79
02F6:  CLRF   7A
02F7:  MOVLB  03
02F8:  MOVF   69,W
02F9:  MOVLB  04
02FA:  MOVWF  24
02FB:  BSF    24.7
02FC:  MOVLB  03
02FD:  MOVF   6A,W
02FE:  MOVLB  04
02FF:  MOVWF  23
0300:  MOVLB  03
0301:  MOVF   6B,W
0302:  MOVLB  04
0303:  MOVWF  22
0304:  MOVLW  18
0305:  MOVWF  20
0306:  CLRF   21
0307:  BTFSS  22.0
0308:  GOTO   32C
0309:  MOVLB  03
030A:  MOVF   6F,W
030B:  ADDWF  7A,F
030C:  BTFSS  03.0
030D:  GOTO   317
030E:  INCF   79,F
030F:  BTFSS  03.2
0310:  GOTO   317
0311:  INCF   78,F
0312:  BTFSS  03.2
0313:  GOTO   317
0314:  MOVLB  04
0315:  BSF    21.7
0316:  MOVLB  03
0317:  MOVF   6E,W
0318:  ADDWF  79,F
0319:  BTFSS  03.0
031A:  GOTO   321
031B:  INCF   78,F
031C:  BTFSS  03.2
031D:  GOTO   321
031E:  MOVLB  04
031F:  BSF    21.7
0320:  MOVLB  03
0321:  MOVF   6D,W
0322:  MOVWF  6A
0323:  BSF    6A.7
0324:  MOVF   6A,W
0325:  ADDWF  78,F
0326:  BTFSS  03.0
0327:  GOTO   32B
0328:  MOVLB  04
0329:  BSF    21.7
032A:  MOVLB  03
032B:  MOVLB  04
032C:  RLF    21,F
032D:  RRF    78,F
032E:  RRF    79,F
032F:  RRF    7A,F
0330:  RRF    24,F
0331:  RRF    23,F
0332:  RRF    22,F
0333:  BCF    03.0
0334:  DECFSZ 20,F
0335:  GOTO   306
0336:  MOVLW  01
0337:  ADDWF  77,F
0338:  BTFSS  03.0
0339:  GOTO   33C
033A:  MOVLB  03
033B:  GOTO   368
033C:  BTFSC  78.7
033D:  GOTO   346
033E:  RLF    24,F
033F:  RLF    7A,F
0340:  RLF    79,F
0341:  RLF    78,F
0342:  DECFSZ 77,F
0343:  GOTO   346
0344:  MOVLB  03
0345:  GOTO   368
0346:  BTFSS  24.7
0347:  GOTO   359
0348:  INCF   7A,F
0349:  BTFSS  03.2
034A:  GOTO   359
034B:  INCF   79,F
034C:  BTFSS  03.2
034D:  GOTO   359
034E:  INCF   78,F
034F:  BTFSS  03.2
0350:  GOTO   359
0351:  RRF    78,F
0352:  RRF    79,F
0353:  RRF    7A,F
0354:  INCF   77,F
0355:  BTFSS  03.2
0356:  GOTO   359
0357:  MOVLB  03
0358:  GOTO   368
0359:  MOVLB  03
035A:  MOVF   69,W
035B:  MOVLB  04
035C:  MOVWF  21
035D:  MOVLB  03
035E:  MOVF   6D,W
035F:  MOVLB  04
0360:  XORWF  21,F
0361:  BTFSS  21.7
0362:  GOTO   365
0363:  BSF    78.7
0364:  GOTO   36D
0365:  BCF    78.7
0366:  GOTO   36D
0367:  MOVLB  03
0368:  CLRF   77
0369:  CLRF   78
036A:  CLRF   79
036B:  CLRF   7A
036C:  MOVLB  04
036D:  MOVLB  00
036E:  RETURN
*
03FA:  MOVLW  B6
03FB:  MOVWF  77
03FC:  CLRF   7A
03FD:  CLRF   79
03FE:  CLRF   78
03FF:  BCF    68.0
0400:  BTFSS  67.7
0401:  GOTO   410
0402:  BSF    68.0
0403:  COMF   64,F
0404:  COMF   65,F
0405:  COMF   66,F
0406:  COMF   67,F
0407:  INCF   64,F
0408:  BTFSS  03.2
0409:  GOTO   410
040A:  INCF   65,F
040B:  BTFSS  03.2
040C:  GOTO   410
040D:  INCF   66,F
040E:  BTFSC  03.2
040F:  INCF   67,F
0410:  MOVF   64,W
0411:  IORWF  65,W
0412:  IORWF  66,W
0413:  IORWF  67,W
0414:  BTFSS  03.2
0415:  GOTO   418
0416:  CLRF   77
0417:  GOTO   427
0418:  BCF    03.0
0419:  BTFSC  78.7
041A:  GOTO   424
041B:  RLF    64,F
041C:  RLF    65,F
041D:  RLF    66,F
041E:  RLF    67,F
041F:  RLF    7A,F
0420:  RLF    79,F
0421:  RLF    78,F
0422:  DECFSZ 77,F
0423:  GOTO   418
0424:  BCF    78.7
0425:  BTFSC  68.0
0426:  BSF    78.7
*
0454:  BTFSC  03.1
0455:  GOTO   45A
0456:  MOVLW  21
0457:  MOVWF  05
0458:  MOVLW  3B
0459:  MOVWF  04
045A:  CLRF   77
045B:  CLRF   78
045C:  CLRF   79
045D:  CLRF   7A
045E:  MOVLB  03
045F:  CLRF   6B
0460:  CLRF   6C
0461:  CLRF   6D
0462:  CLRF   6E
0463:  MOVF   67,W
0464:  IORWF  66,W
0465:  IORWF  65,W
0466:  IORWF  64,W
0467:  BTFSC  03.2
0468:  GOTO   499
0469:  MOVLW  20
046A:  MOVWF  6F
046B:  BCF    03.0
046C:  RLF    60,F
046D:  RLF    61,F
046E:  RLF    62,F
046F:  RLF    63,F
0470:  RLF    6B,F
0471:  RLF    6C,F
0472:  RLF    6D,F
0473:  RLF    6E,F
0474:  MOVF   67,W
0475:  SUBWF  6E,W
0476:  BTFSS  03.2
0477:  GOTO   482
0478:  MOVF   66,W
0479:  SUBWF  6D,W
047A:  BTFSS  03.2
047B:  GOTO   482
047C:  MOVF   65,W
047D:  SUBWF  6C,W
047E:  BTFSS  03.2
047F:  GOTO   482
0480:  MOVF   64,W
0481:  SUBWF  6B,W
0482:  BTFSS  03.0
0483:  GOTO   493
0484:  MOVF   64,W
0485:  SUBWF  6B,F
0486:  MOVF   65,W
0487:  BTFSS  03.0
0488:  INCFSZ 65,W
0489:  SUBWF  6C,F
048A:  MOVF   66,W
048B:  BTFSS  03.0
048C:  INCFSZ 66,W
048D:  SUBWF  6D,F
048E:  MOVF   67,W
048F:  BTFSS  03.0
0490:  INCFSZ 67,W
0491:  SUBWF  6E,F
0492:  BSF    03.0
0493:  RLF    77,F
0494:  RLF    78,F
0495:  RLF    79,F
0496:  RLF    7A,F
0497:  DECFSZ 6F,F
0498:  GOTO   46B
0499:  MOVF   6B,W
049A:  MOVWF  00
049B:  MOVF   6C,W
049C:  MOVWI  W,[FSR0+01]
049D:  MOVF   6D,W
049E:  MOVWI  W,[FSR0+02]
049F:  MOVF   6E,W
04A0:  MOVWI  W,[FSR0+03]
04A1:  MOVLB  00
04A2:  RETURN
04A3:  MOVLB  03
04A4:  MOVF   44,W
04A5:  MOVWF  05
04A6:  MOVF   43,W
04A7:  MOVWF  04
04A8:  MOVF   60,W
04A9:  MOVWI  W,[FSR0++]
04AA:  CLRF   00
04AB:  INCF   43,F
04AC:  BTFSC  03.2
04AD:  INCF   44,F
04AE:  MOVLB  00
04AF:  RETURN
04B0:  MOVF   04,W
04B1:  MOVLB  03
04B2:  MOVWF  58
04B3:  MOVF   54,W
04B4:  MOVWF  5A
04B5:  BTFSC  03.2
04B6:  GOTO   4D2
04B7:  MOVF   53,W
04B8:  MOVWF  6B
04B9:  MOVF   52,W
04BA:  MOVWF  6A
04BB:  MOVF   51,W
04BC:  MOVWF  69
04BD:  MOVF   50,W
04BE:  MOVWF  68
04BF:  CLRF   6F
04C0:  CLRF   6E
04C1:  MOVLW  20
04C2:  MOVWF  6D
04C3:  MOVLW  82
04C4:  MOVWF  6C
04C5:  MOVLB  00
04C6:  CALL   2D3
04C7:  MOVF   7A,W
04C8:  MOVLB  03
04C9:  MOVWF  53
04CA:  MOVF   79,W
04CB:  MOVWF  52
04CC:  MOVF   78,W
04CD:  MOVWF  51
04CE:  MOVF   77,W
04CF:  MOVWF  50
04D0:  DECFSZ 5A,F
04D1:  GOTO   4B7
04D2:  MOVF   53,W
04D3:  MOVWF  63
04D4:  MOVF   52,W
04D5:  MOVWF  62
04D6:  MOVF   51,W
04D7:  MOVWF  61
04D8:  MOVF   50,W
04D9:  MOVWF  60
04DA:  MOVF   60,W
04DB:  SUBLW  B6
04DC:  MOVWF  60
04DD:  CLRF   7A
04DE:  MOVF   61,W
04DF:  MOVWF  64
04E0:  BSF    61.7
04E1:  BCF    03.0
04E2:  RRF    61,F
04E3:  RRF    62,F
04E4:  RRF    63,F
04E5:  RRF    7A,F
04E6:  RRF    79,F
04E7:  RRF    78,F
04E8:  RRF    77,F
04E9:  DECFSZ 60,F
04EA:  GOTO   4E1
04EB:  BTFSS  64.7
04EC:  GOTO   4F8
04ED:  COMF   77,F
04EE:  COMF   78,F
04EF:  COMF   79,F
04F0:  COMF   7A,F
04F1:  INCF   77,F
04F2:  BTFSC  03.2
04F3:  INCF   78,F
04F4:  BTFSC  03.2
04F5:  INCF   79,F
04F6:  BTFSC  03.2
04F7:  INCF   7A,F
04F8:  MOVF   7A,W
04F9:  MOVWF  53
04FA:  MOVF   79,W
04FB:  MOVWF  52
04FC:  MOVF   78,W
04FD:  MOVWF  51
04FE:  MOVF   77,W
04FF:  MOVWF  50
0500:  BTFSS  53.7
0501:  GOTO   50F
0502:  DECF   58,F
0503:  BSF    58.5
0504:  COMF   50,F
0505:  COMF   51,F
0506:  COMF   52,F
0507:  COMF   53,F
0508:  INCF   50,F
0509:  BTFSC  03.2
050A:  INCF   51,F
050B:  BTFSC  03.2
050C:  INCF   52,F
050D:  BTFSC  03.2
050E:  INCF   53,F
050F:  MOVLW  3B
0510:  MOVWF  5F
0511:  MOVLW  9A
0512:  MOVWF  5E
0513:  MOVLW  CA
0514:  MOVWF  5D
0515:  CLRF   5C
0516:  MOVLW  0A
0517:  MOVWF  5A
0518:  MOVF   54,W
0519:  BTFSC  03.2
051A:  INCF   58,F
051B:  BSF    03.1
051C:  MOVLW  21
051D:  MOVWF  05
051E:  MOVLW  20
051F:  MOVWF  04
0520:  MOVF   53,W
0521:  MOVWF  63
0522:  MOVF   52,W
0523:  MOVWF  62
0524:  MOVF   51,W
0525:  MOVWF  61
0526:  MOVF   50,W
0527:  MOVWF  60
0528:  MOVF   5F,W
0529:  MOVWF  67
052A:  MOVF   5E,W
052B:  MOVWF  66
052C:  MOVF   5D,W
052D:  MOVWF  65
052E:  MOVF   5C,W
052F:  MOVWF  64
0530:  MOVLB  00
0531:  CALL   454
0532:  MOVF   78,W
0533:  MOVF   77,F
0534:  BTFSS  03.2
0535:  GOTO   54D
0536:  MOVLB  03
0537:  INCF   54,W
0538:  SUBWF  5A,W
0539:  BTFSS  03.2
053A:  GOTO   53D
053B:  MOVLB  00
053C:  GOTO   54D
053D:  MOVF   58,W
053E:  BTFSC  03.2
053F:  GOTO   550
0540:  ANDLW  0F
0541:  SUBWF  5A,W
0542:  BTFSC  03.2
0543:  GOTO   546
0544:  BTFSC  03.0
0545:  GOTO   588
0546:  BTFSC  58.7
0547:  GOTO   588
0548:  BTFSC  58.6
0549:  GOTO   550
054A:  MOVLW  20
054B:  GOTO   582
054C:  MOVLB  00
054D:  MOVLW  20
054E:  MOVLB  03
054F:  ANDWF  58,F
0550:  BTFSS  58.5
0551:  GOTO   560
0552:  BCF    58.5
0553:  MOVF   54,W
0554:  BTFSS  03.2
0555:  DECF   58,F
0556:  MOVF   77,W
0557:  MOVWF  58
0558:  MOVLW  2D
0559:  MOVWF  60
055A:  MOVLB  00
055B:  CALL   4A3
055C:  MOVLB  03
055D:  MOVF   58,W
055E:  MOVWF  77
055F:  CLRF   58
0560:  MOVF   54,W
0561:  SUBWF  5A,W
0562:  BTFSS  03.2
0563:  GOTO   570
0564:  MOVF   77,W
0565:  MOVWF  58
0566:  MOVLW  2E
0567:  MOVWF  60
0568:  MOVLB  00
0569:  CALL   4A3
056A:  MOVLB  03
056B:  MOVF   58,W
056C:  MOVWF  77
056D:  MOVLW  20
056E:  ANDWF  58,F
056F:  MOVLW  00
0570:  MOVLW  30
0571:  BTFSS  58.5
0572:  GOTO   582
0573:  BCF    58.5
0574:  MOVF   54,W
0575:  BTFSS  03.2
0576:  DECF   58,F
0577:  MOVF   77,W
0578:  MOVWF  58
0579:  MOVLW  2D
057A:  MOVWF  60
057B:  MOVLB  00
057C:  CALL   4A3
057D:  MOVLB  03
057E:  MOVF   58,W
057F:  MOVWF  77
0580:  CLRF   58
0581:  MOVLW  30
0582:  ADDWF  77,F
0583:  MOVF   77,W
0584:  MOVWF  60
0585:  MOVLB  00
0586:  CALL   4A3
0587:  MOVLB  03
0588:  BCF    03.1
0589:  MOVF   5F,W
058A:  MOVWF  63
058B:  MOVF   5E,W
058C:  MOVWF  62
058D:  MOVF   5D,W
058E:  MOVWF  61
058F:  MOVF   5C,W
0590:  MOVWF  60
0591:  CLRF   67
0592:  CLRF   66
0593:  CLRF   65
0594:  MOVLW  0A
0595:  MOVWF  64
0596:  MOVLB  00
0597:  CALL   454
0598:  MOVF   7A,W
0599:  MOVLB  03
059A:  MOVWF  5F
059B:  MOVF   79,W
059C:  MOVWF  5E
059D:  MOVF   78,W
059E:  MOVWF  5D
059F:  MOVF   77,W
05A0:  MOVWF  5C
05A1:  DECFSZ 5A,F
05A2:  GOTO   51B
05A3:  MOVLB  00
05A4:  RETURN
*
066A:  MOVLW  8E
066B:  MOVWF  77
066C:  MOVLB  03
066D:  MOVF   62,W
066E:  MOVWF  78
066F:  MOVF   61,W
0670:  MOVWF  79
0671:  CLRF   7A
0672:  MOVF   78,F
0673:  BTFSS  03.2
0674:  GOTO   67F
0675:  MOVF   79,W
0676:  MOVWF  78
0677:  CLRF   79
0678:  MOVLW  08
0679:  SUBWF  77,F
067A:  MOVF   78,F
067B:  BTFSS  03.2
067C:  GOTO   67F
067D:  CLRF   77
067E:  GOTO   687
067F:  BCF    03.0
0680:  BTFSC  78.7
0681:  GOTO   686
0682:  RLF    79,F
0683:  RLF    78,F
0684:  DECF   77,F
0685:  GOTO   67F
0686:  BCF    78.7
0687:  MOVLB  00
0688:  RETURN
0689:  MOVLB  03
068A:  MOVF   61,W
068B:  BTFSC  03.2
068C:  GOTO   74F
068D:  MOVWF  6E
068E:  MOVF   65,W
068F:  BTFSC  03.2
0690:  GOTO   74F
0691:  SUBWF  6E,F
0692:  BTFSS  03.0
0693:  GOTO   699
0694:  MOVLW  7F
0695:  ADDWF  6E,F
0696:  BTFSC  03.0
0697:  GOTO   74F
0698:  GOTO   69F
0699:  MOVLW  81
069A:  SUBWF  6E,F
069B:  BTFSS  03.0
069C:  GOTO   74F
069D:  BTFSC  03.2
069E:  GOTO   74F
069F:  MOVF   6E,W
06A0:  MOVWF  77
06A1:  CLRF   78
06A2:  CLRF   79
06A3:  CLRF   7A
06A4:  CLRF   6D
06A5:  MOVF   62,W
06A6:  MOVWF  6C
06A7:  BSF    6C.7
06A8:  MOVF   63,W
06A9:  MOVWF  6B
06AA:  MOVF   64,W
06AB:  MOVWF  6A
06AC:  MOVLW  19
06AD:  MOVWF  6E
06AE:  MOVF   68,W
06AF:  SUBWF  6A,F
06B0:  BTFSC  03.0
06B1:  GOTO   6C2
06B2:  MOVLW  01
06B3:  SUBWF  6B,F
06B4:  BTFSC  03.0
06B5:  GOTO   6C2
06B6:  SUBWF  6C,F
06B7:  BTFSC  03.0
06B8:  GOTO   6C2
06B9:  SUBWF  6D,F
06BA:  BTFSC  03.0
06BB:  GOTO   6C2
06BC:  INCF   6D,F
06BD:  INCF   6C,F
06BE:  INCF   6B,F
06BF:  MOVF   68,W
06C0:  ADDWF  6A,F
06C1:  GOTO   6F4
06C2:  MOVF   67,W
06C3:  SUBWF  6B,F
06C4:  BTFSC  03.0
06C5:  GOTO   6DD
06C6:  MOVLW  01
06C7:  SUBWF  6C,F
06C8:  BTFSC  03.0
06C9:  GOTO   6DD
06CA:  SUBWF  6D,F
06CB:  BTFSC  03.0
06CC:  GOTO   6DD
06CD:  INCF   6D,F
06CE:  INCF   6C,F
06CF:  MOVF   67,W
06D0:  ADDWF  6B,F
06D1:  MOVF   68,W
06D2:  ADDWF  6A,F
06D3:  BTFSS  03.0
06D4:  GOTO   6F4
06D5:  INCF   6B,F
06D6:  BTFSS  03.2
06D7:  GOTO   6F4
06D8:  INCF   6C,F
06D9:  BTFSS  03.2
06DA:  GOTO   6F4
06DB:  INCF   6D,F
06DC:  GOTO   6F4
06DD:  MOVF   66,W
06DE:  IORLW  80
06DF:  SUBWF  6C,F
06E0:  BTFSC  03.0
06E1:  GOTO   6F3
06E2:  MOVLW  01
06E3:  SUBWF  6D,F
06E4:  BTFSC  03.0
06E5:  GOTO   6F3
06E6:  INCF   6D,F
06E7:  MOVF   66,W
06E8:  IORLW  80
06E9:  ADDWF  6C,F
06EA:  MOVF   67,W
06EB:  ADDWF  6B,F
06EC:  BTFSS  03.0
06ED:  GOTO   6D1
06EE:  INCF   6C,F
06EF:  BTFSS  03.2
06F0:  GOTO   6D1
06F1:  INCF   6D,F
06F2:  GOTO   6D1
06F3:  BSF    7A.0
06F4:  DECFSZ 6E,F
06F5:  GOTO   6F7
06F6:  GOTO   702
06F7:  BCF    03.0
06F8:  RLF    6A,F
06F9:  RLF    6B,F
06FA:  RLF    6C,F
06FB:  RLF    6D,F
06FC:  BCF    03.0
06FD:  RLF    7A,F
06FE:  RLF    79,F
06FF:  RLF    78,F
0700:  RLF    6F,F
0701:  GOTO   6AE
0702:  BTFSS  6F.0
0703:  GOTO   70A
0704:  BCF    03.0
0705:  RRF    78,F
0706:  RRF    79,F
0707:  RRF    7A,F
0708:  RRF    6F,F
0709:  GOTO   70D
070A:  DECF   77,F
070B:  BTFSC  03.2
070C:  GOTO   74F
070D:  BTFSC  6F.7
070E:  GOTO   736
070F:  BCF    03.0
0710:  RLF    6A,F
0711:  RLF    6B,F
0712:  RLF    6C,F
0713:  RLF    6D,F
0714:  MOVF   68,W
0715:  SUBWF  6A,F
0716:  BTFSC  03.0
0717:  GOTO   722
0718:  MOVLW  01
0719:  SUBWF  6B,F
071A:  BTFSC  03.0
071B:  GOTO   722
071C:  SUBWF  6C,F
071D:  BTFSC  03.0
071E:  GOTO   722
071F:  SUBWF  6D,F
0720:  BTFSS  03.0
0721:  GOTO   745
0722:  MOVF   67,W
0723:  SUBWF  6B,F
0724:  BTFSC  03.0
0725:  GOTO   72D
0726:  MOVLW  01
0727:  SUBWF  6C,F
0728:  BTFSC  03.0
0729:  GOTO   72D
072A:  SUBWF  6D,F
072B:  BTFSS  03.0
072C:  GOTO   745
072D:  MOVF   66,W
072E:  IORLW  80
072F:  SUBWF  6C,F
0730:  BTFSC  03.0
0731:  GOTO   736
0732:  MOVLW  01
0733:  SUBWF  6D,F
0734:  BTFSS  03.0
0735:  GOTO   745
0736:  INCF   7A,F
0737:  BTFSS  03.2
0738:  GOTO   745
0739:  INCF   79,F
073A:  BTFSS  03.2
073B:  GOTO   745
073C:  INCF   78,F
073D:  BTFSS  03.2
073E:  GOTO   745
073F:  INCF   77,F
0740:  BTFSC  03.2
0741:  GOTO   74F
0742:  RRF    78,F
0743:  RRF    79,F
0744:  RRF    7A,F
0745:  MOVF   62,W
0746:  MOVWF  6E
0747:  MOVF   66,W
0748:  XORWF  6E,F
0749:  BTFSS  6E.7
074A:  GOTO   74D
074B:  BSF    78.7
074C:  GOTO   753
074D:  BCF    78.7
074E:  GOTO   753
074F:  CLRF   77
0750:  CLRF   78
0751:  CLRF   79
0752:  CLRF   7A
0753:  MOVLB  00
0754:  RETURN
*
0800:  MOVLW  80
0801:  BTFSS  03.1
0802:  GOTO   006
0803:  MOVLB  03
0804:  XORWF  66,F
0805:  MOVLB  00
0806:  MOVLB  04
0807:  CLRF   22
0808:  CLRF   23
0809:  MOVLB  03
080A:  MOVF   62,W
080B:  MOVLB  04
080C:  MOVWF  21
080D:  MOVLB  03
080E:  MOVF   66,W
080F:  MOVLB  04
0810:  XORWF  21,F
0811:  MOVLB  03
0812:  MOVF   61,W
0813:  BTFSC  03.2
0814:  GOTO   121
0815:  MOVLB  04
0816:  MOVWF  20
0817:  MOVWF  77
0818:  MOVLB  03
0819:  MOVF   65,W
081A:  BTFSC  03.2
081B:  GOTO   130
081C:  MOVLB  04
081D:  SUBWF  20,F
081E:  BTFSC  03.2
081F:  GOTO   0B8
0820:  BTFSC  03.0
0821:  GOTO   023
0822:  GOTO   069
0823:  MOVLB  03
0824:  MOVF   66,W
0825:  MOVLB  04
0826:  MOVWF  26
0827:  BSF    26.7
0828:  MOVLB  03
0829:  MOVF   67,W
082A:  MOVLB  04
082B:  MOVWF  25
082C:  MOVLB  03
082D:  MOVF   68,W
082E:  MOVLB  04
082F:  MOVWF  24
0830:  CLRF   23
0831:  BCF    03.0
0832:  RRF    26,F
0833:  RRF    25,F
0834:  RRF    24,F
0835:  RRF    23,F
0836:  DECFSZ 20,F
0837:  GOTO   030
0838:  BTFSS  21.7
0839:  GOTO   03D
083A:  BSF    22.0
083B:  GOTO   149
083C:  BCF    22.0
083D:  BCF    20.0
083E:  BSF    22.4
083F:  MOVLW  21
0840:  MOVWF  05
0841:  MOVLW  34
0842:  MOVWF  04
0843:  GOTO   15F
0844:  BCF    22.4
0845:  BTFSC  21.7
0846:  GOTO   051
0847:  BTFSS  20.0
0848:  GOTO   05C
0849:  RRF    26,F
084A:  RRF    25,F
084B:  RRF    24,F
084C:  RRF    23,F
084D:  INCF   77,F
084E:  BTFSC  03.2
084F:  GOTO   144
0850:  GOTO   05C
0851:  BTFSC  26.7
0852:  GOTO   05F
0853:  BCF    03.0
0854:  RLF    23,F
0855:  RLF    24,F
0856:  RLF    25,F
0857:  RLF    26,F
0858:  DECF   77,F
0859:  BTFSC  03.2
085A:  GOTO   144
085B:  GOTO   051
085C:  BSF    22.6
085D:  GOTO   0E1
085E:  BCF    22.6
085F:  MOVLB  03
0860:  MOVF   62,W
0861:  MOVLB  04
0862:  MOVWF  21
0863:  BTFSS  21.7
0864:  GOTO   067
0865:  BSF    26.7
0866:  GOTO   13D
0867:  BCF    26.7
0868:  GOTO   13D
0869:  MOVLB  03
086A:  MOVF   65,W
086B:  MOVLB  04
086C:  MOVWF  20
086D:  MOVWF  77
086E:  MOVLB  03
086F:  MOVF   61,W
0870:  MOVLB  04
0871:  SUBWF  20,F
0872:  MOVLB  03
0873:  MOVF   62,W
0874:  MOVLB  04
0875:  MOVWF  26
0876:  BSF    26.7
0877:  MOVLB  03
0878:  MOVF   63,W
0879:  MOVLB  04
087A:  MOVWF  25
087B:  MOVLB  03
087C:  MOVF   64,W
087D:  MOVLB  04
087E:  MOVWF  24
087F:  CLRF   23
0880:  BCF    03.0
0881:  RRF    26,F
0882:  RRF    25,F
0883:  RRF    24,F
0884:  RRF    23,F
0885:  DECFSZ 20,F
0886:  GOTO   07F
0887:  BTFSS  21.7
0888:  GOTO   08C
0889:  BSF    22.1
088A:  GOTO   149
088B:  BCF    22.1
088C:  BCF    20.0
088D:  BSF    22.5
088E:  MOVLW  21
088F:  MOVWF  05
0890:  MOVLW  38
0891:  MOVWF  04
0892:  GOTO   15F
0893:  BCF    22.5
0894:  BTFSC  21.7
0895:  GOTO   0A0
0896:  BTFSS  20.0
0897:  GOTO   0AB
0898:  RRF    26,F
0899:  RRF    25,F
089A:  RRF    24,F
089B:  RRF    23,F
089C:  INCF   77,F
089D:  BTFSC  03.2
089E:  GOTO   144
089F:  GOTO   0AB
08A0:  BTFSC  26.7
08A1:  GOTO   0AE
08A2:  BCF    03.0
08A3:  RLF    23,F
08A4:  RLF    24,F
08A5:  RLF    25,F
08A6:  RLF    26,F
08A7:  DECF   77,F
08A8:  BTFSC  03.2
08A9:  GOTO   144
08AA:  GOTO   0A0
08AB:  BSF    22.7
08AC:  GOTO   0E1
08AD:  BCF    22.7
08AE:  MOVLB  03
08AF:  MOVF   66,W
08B0:  MOVLB  04
08B1:  MOVWF  21
08B2:  BTFSS  21.7
08B3:  GOTO   0B6
08B4:  BSF    26.7
08B5:  GOTO   13D
08B6:  BCF    26.7
08B7:  GOTO   13D
08B8:  MOVLB  03
08B9:  MOVF   66,W
08BA:  MOVLB  04
08BB:  MOVWF  26
08BC:  BSF    26.7
08BD:  MOVLB  03
08BE:  MOVF   67,W
08BF:  MOVLB  04
08C0:  MOVWF  25
08C1:  MOVLB  03
08C2:  MOVF   68,W
08C3:  MOVLB  04
08C4:  MOVWF  24
08C5:  BTFSS  21.7
08C6:  GOTO   0CB
08C7:  BCF    26.7
08C8:  BSF    22.2
08C9:  GOTO   149
08CA:  BCF    22.2
08CB:  CLRF   23
08CC:  BCF    20.0
08CD:  MOVLW  21
08CE:  MOVWF  05
08CF:  MOVLW  34
08D0:  MOVWF  04
08D1:  GOTO   15F
08D2:  BTFSC  21.7
08D3:  GOTO   0F7
08D4:  MOVLB  03
08D5:  MOVF   62,W
08D6:  MOVLB  04
08D7:  MOVWF  21
08D8:  BTFSS  20.0
08D9:  GOTO   0E1
08DA:  RRF    26,F
08DB:  RRF    25,F
08DC:  RRF    24,F
08DD:  RRF    23,F
08DE:  INCF   77,F
08DF:  BTFSC  03.2
08E0:  GOTO   144
08E1:  BTFSS  23.7
08E2:  GOTO   0F2
08E3:  INCF   24,F
08E4:  BTFSS  03.2
08E5:  GOTO   0F2
08E6:  INCF   25,F
08E7:  BTFSS  03.2
08E8:  GOTO   0F2
08E9:  INCF   26,F
08EA:  BTFSS  03.2
08EB:  GOTO   0F2
08EC:  RRF    26,F
08ED:  RRF    25,F
08EE:  RRF    24,F
08EF:  INCF   77,F
08F0:  BTFSC  03.2
08F1:  GOTO   144
08F2:  BTFSC  22.6
08F3:  GOTO   05E
08F4:  BTFSC  22.7
08F5:  GOTO   0AD
08F6:  GOTO   11A
08F7:  MOVLW  80
08F8:  XORWF  26,F
08F9:  BTFSS  26.7
08FA:  GOTO   101
08FB:  GOTO   149
08FC:  MOVLB  03
08FD:  MOVF   66,W
08FE:  MOVLB  04
08FF:  MOVWF  21
0900:  GOTO   110
0901:  MOVLB  03
0902:  MOVF   62,W
0903:  MOVLB  04
0904:  MOVWF  21
0905:  MOVF   26,F
0906:  BTFSS  03.2
0907:  GOTO   110
0908:  MOVF   25,F
0909:  BTFSS  03.2
090A:  GOTO   110
090B:  MOVF   24,F
090C:  BTFSS  03.2
090D:  GOTO   110
090E:  CLRF   77
090F:  GOTO   13D
0910:  BTFSC  26.7
0911:  GOTO   11A
0912:  BCF    03.0
0913:  RLF    23,F
0914:  RLF    24,F
0915:  RLF    25,F
0916:  RLF    26,F
0917:  DECFSZ 77,F
0918:  GOTO   110
0919:  GOTO   144
091A:  BTFSS  21.7
091B:  GOTO   11E
091C:  BSF    26.7
091D:  GOTO   13D
091E:  BCF    26.7
091F:  GOTO   13D
0920:  MOVLB  03
0921:  MOVF   65,W
0922:  MOVWF  77
0923:  MOVF   66,W
0924:  MOVLB  04
0925:  MOVWF  26
0926:  MOVLB  03
0927:  MOVF   67,W
0928:  MOVLB  04
0929:  MOVWF  25
092A:  MOVLB  03
092B:  MOVF   68,W
092C:  MOVLB  04
092D:  MOVWF  24
092E:  GOTO   13D
092F:  MOVLB  03
0930:  MOVF   61,W
0931:  MOVWF  77
0932:  MOVF   62,W
0933:  MOVLB  04
0934:  MOVWF  26
0935:  MOVLB  03
0936:  MOVF   63,W
0937:  MOVLB  04
0938:  MOVWF  25
0939:  MOVLB  03
093A:  MOVF   64,W
093B:  MOVLB  04
093C:  MOVWF  24
093D:  MOVF   26,W
093E:  MOVWF  78
093F:  MOVF   25,W
0940:  MOVWF  79
0941:  MOVF   24,W
0942:  MOVWF  7A
0943:  GOTO   17C
0944:  CLRF   77
0945:  CLRF   78
0946:  CLRF   79
0947:  CLRF   7A
0948:  GOTO   17C
0949:  CLRF   23
094A:  COMF   24,F
094B:  COMF   25,F
094C:  COMF   26,F
094D:  COMF   23,F
094E:  INCF   23,F
094F:  BTFSS  03.2
0950:  GOTO   158
0951:  INCF   24,F
0952:  BTFSS  03.2
0953:  GOTO   158
0954:  INCF   25,F
0955:  BTFSS  03.2
0956:  GOTO   158
0957:  INCF   26,F
0958:  BTFSC  22.0
0959:  GOTO   03C
095A:  BTFSC  22.1
095B:  GOTO   08B
095C:  BTFSC  22.2
095D:  GOTO   0CA
095E:  GOTO   0FC
095F:  MOVF   00,W
0960:  ADDWF  24,F
0961:  BTFSS  03.0
0962:  GOTO   169
0963:  INCF   25,F
0964:  BTFSS  03.2
0965:  GOTO   169
0966:  INCF   26,F
0967:  BTFSC  03.2
0968:  BSF    20.0
0969:  MOVIW  [--FSR0],W
096A:  ADDWF  25,F
096B:  BTFSS  03.0
096C:  GOTO   170
096D:  INCF   26,F
096E:  BTFSC  03.2
096F:  BSF    20.0
0970:  MOVIW  [--FSR0],W
0971:  BTFSC  00.7
0972:  GOTO   174
0973:  XORLW  80
0974:  ADDWF  26,F
0975:  BTFSC  03.0
0976:  BSF    20.0
0977:  BTFSC  22.4
0978:  GOTO   044
0979:  BTFSC  22.5
097A:  GOTO   093
097B:  GOTO   0D2
097C:  MOVLB  00
097D:  RETURN
*
0D31:  BSF    0A.0
0D32:  BCF    0A.1
0D33:  BSF    0A.2
0D34:  ADDWF  02,F
0D35:  GOTO   529
0D36:  GOTO   2C0
0D37:  GOTO   2C2
0D38:  GOTO   52D
0D39:  GOTO   52D
0D3A:  GOTO   4E0
0D3B:  GOTO   52D
0D3C:  GOTO   52D
0D3D:  GOTO   52D
0D3E:  GOTO   51C
0D3F:  GOTO   52D
0D40:  GOTO   2C4
0D41:  GOTO   52D
0D42:  GOTO   52D
0D43:  GOTO   52D
0D44:  GOTO   323
0D45:  GOTO   363
....................  
.................... #list 
....................  
.................... #include <stdlib.h> 
.................... /////////////////////////////////////////////////////////////////////////// 
.................... ////        (C) Copyright 1996,2007 Custom Computer Services           //// 
.................... //// This source code may only be used by licensed users of the CCS C  //// 
.................... //// compiler.  This source code may only be distributed to other      //// 
.................... //// licensed users of the CCS C compiler.  No other use, reproduction //// 
.................... //// or distribution is permitted without written permission.          //// 
.................... //// Derivative programs created using this software in object code    //// 
.................... //// form are not restricted in any way.                               //// 
.................... /////////////////////////////////////////////////////////////////////////// 
....................  
....................  
.................... #ifndef _STDLIB 
.................... #define _STDLIB 
....................  
.................... //--------------------------------------------------------------------------- 
.................... // Definitions and types 
.................... //--------------------------------------------------------------------------- 
....................  
.................... #ifndef RAND_MAX 
.................... #define RAND_MAX  32767    // The value of which is the maximum value 
....................                            // ... returned by the rand function 
.................... #endif 
....................  
....................  
.................... #IF (sizeof(int16*)>1) 
.................... #DEFINE LONG_POINTERS 1 
.................... #ELSE  
.................... #DEFINE LONG_POINTERS 0 
.................... #ENDIF 
....................  
.................... typedef struct { 
....................    signed int quot; 
....................    signed int rem; 
.................... } div_t; 
....................  
.................... typedef struct { 
....................    signed long quot; 
....................    signed long rem; 
.................... } ldiv_t; 
....................  
.................... #include <stddef.h> 
.................... /////////////////////////////////////////////////////////////////////////// 
.................... ////        (C) Copyright 1996,2003 Custom Computer Services           //// 
.................... //// This source code may only be used by licensed users of the CCS C  //// 
.................... //// compiler.  This source code may only be distributed to other      //// 
.................... //// licensed users of the CCS C compiler.  No other use, reproduction //// 
.................... //// or distribution is permitted without written permission.          //// 
.................... //// Derivative programs created using this software in object code    //// 
.................... //// form are not restricted in any way.                               //// 
.................... /////////////////////////////////////////////////////////////////////////// 
....................  
.................... #ifndef _STDDEF 
....................  
.................... #define _STDDEF 
....................  
.................... #if sizeof(unsigned int8 *)==1 
.................... #define ptrdiff_t unsigned int8 
.................... #else 
.................... #define ptrdiff_t unsigned int16 
.................... #endif 
....................  
.................... #if defined(__PCB__) || defined(__PCM__) 
.................... #define size_t unsigned int8 
.................... #else 
.................... #define size_t unsigned int16 
.................... #endif 
.................... #define wchar_t char 
.................... #define NULL 0 
....................  
.................... #define offsetof(s,f) (offsetofbit(s,f)/8) 
....................  
.................... #endif 
....................  
....................  
.................... //--------------------------------------------------------------------------- 
.................... // String conversion functions 
.................... //--------------------------------------------------------------------------- 
....................  
.................... /* Standard template: signed int  atoi(char * s) 
....................  * converts the initial portion of the string s to a signed int 
....................  * returns the converted value if any, 0 otherwise 
....................  */ 
.................... signed int atoi(char *s); 
....................  
.................... /* Syntax: signed int32  atoi32(char * s) 
....................    converts the initial portion of the string s to a signed int32 
....................    returns the converted value if any, 0 otherwise*/ 
.................... #if (sizeof(long)==4) 
....................  #define atoi32(s) atol(s) 
.................... #else  
....................  signed int32 atoi32(char *s); 
.................... #endif 
....................  
.................... #if defined(__PCD__) 
.................... // The following functions only work on the 24 bit compiler 
.................... // for the 30F, 33F, 24F and 24H parts 
.................... /* Syntax: signed int48  atoi48(char * s) 
....................    converts the initial portion of the string s to a signed int48 
....................    returns the converted value if any, 0 otherwise*/ 
....................     
.................... signed int48 atoi48(char *s); 
....................  
.................... /* Syntax: signed int64  atoi64(char * s) 
....................    converts the initial portion of the string s to a signed int64 
....................    returns the converted value if any, 0 otherwise*/ 
.................... signed int64 atoi64(char *s); 
.................... #endif 
....................  
.................... /* Syntax: char *  itoa(signed int32 num, int8 base, char * s) 
....................    converts the signed int32 to a string and 
....................    returns the converted value if any, 0 otherwise*/ 
.................... char * itoa(signed int32 num, unsigned int base, char * s); 
....................  
.................... /* Standard template: signed int16  atol(char * s) 
....................  * converts the initial portion of the string s to a signed int16 
....................  * returns the converted value if any, 0 otherwise 
....................  */ 
.................... signed long atol(char *s); 
....................  
.................... /* Standard template: int16 strtoul(char * s,char *endptr,signed int base) 
....................  * converts the initial portion of the string s, represented as an 
....................  * integral value of radix base  to a signed long. 
....................  * Returns the converted value if any, 0 otherwise 
....................  * the final string is returned in the endptr, if endptr is not null 
....................  */ 
.................... signed long strtol(char *s,char *endptr, signed int base); 
....................  
.................... /* Standard template: int16 strtoul(char * s,char *endptr,signed int base) 
....................  * converts the initial portion of the string s, represented as an 
....................  * integral value of radix base to a unsigned long. 
....................  * returns the converted value if any, 0 otherwise 
....................  * the final string is returned in the endptr, if endptr is not null 
....................  */ 
.................... unsigned long strtoul(char *s,char *endptr, signed int base); 
....................  
.................... /* Standart template: float strtof(char * s,char *endptr) 
....................                       float48 strtof48(char *s,char *endptr); 
....................                       float64 strtod(char *s,char *endptr); 
....................  * converts the initial portion of the string s to a float32, float48 or float64, 
....................  * returns the converted value if any, 0 otherwise 
....................  * the final string is returned in the endptr, if endptr is not null                    
.................... */ 
.................... float strtof(char *s,char **endptr); 
.................... #if defined(__PCD__) 
.................... float48 strtof48(char *s,char **endptr); 
.................... float64 strtod(char *s,char **endptr); 
.................... #else 
.................... //provided for compatibility 
.................... #define strtof48(s, e) strtof(s, e) 
.................... #define strtod(s, e) strtof(s, e) 
.................... #endif 
....................  
.................... /* Standard template: float32 atof(char * s) 
....................  * converts the initial portion of the string s to a float. 
....................  * returns the converted value if any, 0 otherwise 
....................  */ 
.................... #define atof(s)   strtof(s, (char*)0) 
....................  
.................... #if defined(__PCD__) 
.................... // The following functions only work on the 24 bit compiler 
.................... // for the 30F, 33F, 24F and 24H parts 
....................  
.................... /* Standard template: float48 atof48(char * s) 
....................  * converts the initial portion of the string s to a float. 
....................  * returns the converted value if any, 0 otherwise 
....................  */ 
.................... #define atof48(s) strtof48(s, 0) 
....................  
.................... /* Standard template: float64 atof64(char * s) 
....................  * converts the initial portion of the string s to a float. 
....................  * returns the converted value if any, 0 otherwise 
....................  */ 
.................... #define atof64(s) strtod(s, 0) 
.................... #endif 
....................  
.................... /* Standard template: float32 atoe(char * s) 
....................  * converts the initial portion of the string s to a float. 
....................  * returns the converted value if any, 0 otherwise 
....................  * also handles E format numbers 
....................  */ 
.................... #if !defined(__PCD__) 
.................... float atoe(char * s); 
.................... #endif 
....................  
.................... #if defined(__PCD__) 
.................... float32 atoe(char * s); 
.................... #endif 
....................  
.................... //--------------------------------------------------------------------------- 
.................... // Pseudo-random sequence generation functions 
.................... //--------------------------------------------------------------------------- 
....................  
.................... /* The rand function computes a sequence of pseudo-random integers in 
....................  * the range 0 to RAND_MAX 
....................  * 
....................  * Parameters: 
....................  *       (none) 
....................  * 
....................  * Returns: 
....................  *       The pseudo-random integer 
....................  */ 
.................... unsigned int16 rand(void); 
....................  
.................... /* The srand function uses the argument as a seed for a new sequence of 
....................  * pseudo-random numbers to be returned by subsequent calls to rand. 
....................  * 
....................  * Parameters: 
....................  *       [in] seed: The seed value to start from. You might need to pass 
....................  * 
....................  * Returns: 
....................  *       (none) 
....................  * 
....................  * Remarks 
....................  *          The srand function sets the starting point for generating 
....................  *       a series of pseudorandom integers. To reinitialize the 
....................  *       generator, use 1 as the seed argument. Any other value for 
....................  *       seed sets the generator to a random starting point. rand 
....................  *       retrieves the pseudorandom numbers that are generated. 
....................  *       Calling rand before any call to srand generates the same 
....................  *       sequence as calling srand with seed passed as 1. 
....................  *          Usually, you need to pass a time here from outer source 
....................  *       so that the numbers will be different every time you run. 
....................  */ 
.................... void srand(unsigned int32 seed); 
....................  
.................... //--------------------------------------------------------------------------- 
.................... // Memory management functions 
.................... //--------------------------------------------------------------------------- 
....................  
.................... // Comming soon 
....................  
.................... //--------------------------------------------------------------------------- 
.................... // Communication with the environment 
.................... //--------------------------------------------------------------------------- 
....................  
.................... /* The function returns 0 always 
....................  */ 
.................... signed int8 system(char *string); 
....................  
.................... //--------------------------------------------------------------------------- 
.................... // Searching and sorting utilities 
.................... //--------------------------------------------------------------------------- 
....................  
.................... /* Performs a binary search of a sorted array.. 
....................  * 
....................  * Parameters: 
....................  *       [in] key: Object to search for 
....................  *       [in] base: Pointer to base of search data 
....................  *       [in] num: Number of elements 
....................  *       [in] width: Width of elements 
....................  *       [in] compare: Function that compares two elements 
....................  * 
....................  * Returns: 
....................  *       bsearch returns a pointer to an occurrence of key in the array pointed 
....................  *       to by base. If key is not found, the function returns NULL. If the 
....................  *       array is not in order or contains duplicate records with identical keys, 
....................  *       the result is unpredictable. 
....................  */ 
.................... //void *bsearch(const void *key, const void *base, size_t num, size_t width, 
.................... //              int (*compare)(const void *, const void *)); 
....................  
.................... /* Performs the shell-metzner sort (not the quick sort algorithm). The contents 
....................  * of the array are sorted into ascending order according to a comparison 
....................  * function pointed to by compar. 
....................  * 
....................  * Parameters: 
....................  *       [in] base: Pointer to base of search data 
....................  *       [in] num: Number of elements 
....................  *       [in] width: Width of elements 
....................  *       [in] compare: Function that compares two elements 
....................  * 
....................  * Returns: 
....................  *       (none) 
....................  */ 
.................... //void *qsort(const void *base, size_t num, size_t width, 
.................... //              int (*compare)(const void *, const void *)); 
....................  
.................... //--------------------------------------------------------------------------- 
.................... // Integer arithmetic functions 
.................... //--------------------------------------------------------------------------- 
....................  
.................... #define labs abs 
....................  
.................... div_t div(signed int numer, signed int denom); 
.................... ldiv_t ldiv(signed long numer, signed long denom); 
....................  
.................... //--------------------------------------------------------------------------- 
.................... // Multibyte character functions 
.................... //--------------------------------------------------------------------------- 
....................  
.................... // Not supported 
....................  
.................... //--------------------------------------------------------------------------- 
.................... // Multibyte string functions 
.................... //--------------------------------------------------------------------------- 
....................  
.................... // Not supported 
....................  
....................  
.................... //--------------------------------------------------------------------------- 
.................... // Internal implementation 
.................... //--------------------------------------------------------------------------- 
....................  
.................... #include <stddef.h> 
.................... /////////////////////////////////////////////////////////////////////////// 
.................... ////        (C) Copyright 1996,2003 Custom Computer Services           //// 
.................... //// This source code may only be used by licensed users of the CCS C  //// 
.................... //// compiler.  This source code may only be distributed to other      //// 
.................... //// licensed users of the CCS C compiler.  No other use, reproduction //// 
.................... //// or distribution is permitted without written permission.          //// 
.................... //// Derivative programs created using this software in object code    //// 
.................... //// form are not restricted in any way.                               //// 
.................... /////////////////////////////////////////////////////////////////////////// 
....................  
.................... #ifndef _STDDEF 
....................  
.................... #define _STDDEF 
....................  
.................... #if sizeof(unsigned int8 *)==1 
.................... #define ptrdiff_t unsigned int8 
.................... #else 
.................... #define ptrdiff_t unsigned int16 
.................... #endif 
....................  
.................... #if defined(__PCB__) || defined(__PCM__) 
.................... #define size_t unsigned int8 
.................... #else 
.................... #define size_t unsigned int16 
.................... #endif 
.................... #define wchar_t char 
.................... #define NULL 0 
....................  
.................... #define offsetof(s,f) (offsetofbit(s,f)/8) 
....................  
.................... #endif 
....................  
.................... #include <string.h> 
.................... //////////////////////////////////////////////////////////////////////////// 
.................... ////        (C) Copyright 1996,2008 Custom Computer Services            //// 
.................... //// This source code may only be used by licensed users of the CCS C   //// 
.................... //// compiler.  This source code may only be distributed to other       //// 
.................... //// licensed users of the CCS C compiler.  No other use, reproduction  //// 
.................... //// or distribution is permitted without written permission.           //// 
.................... //// Derivative programs created using this software in object code     //// 
.................... //// form are not restricted in any way.                                //// 
.................... //////////////////////////////////////////////////////////////////////////// 
....................  
.................... #ifndef _STRING 
.................... #define _STRING 
.................... #include <stddef.h> 
.................... /////////////////////////////////////////////////////////////////////////// 
.................... ////        (C) Copyright 1996,2003 Custom Computer Services           //// 
.................... //// This source code may only be used by licensed users of the CCS C  //// 
.................... //// compiler.  This source code may only be distributed to other      //// 
.................... //// licensed users of the CCS C compiler.  No other use, reproduction //// 
.................... //// or distribution is permitted without written permission.          //// 
.................... //// Derivative programs created using this software in object code    //// 
.................... //// form are not restricted in any way.                               //// 
.................... /////////////////////////////////////////////////////////////////////////// 
....................  
.................... #ifndef _STDDEF 
....................  
.................... #define _STDDEF 
....................  
.................... #if sizeof(unsigned int8 *)==1 
.................... #define ptrdiff_t unsigned int8 
.................... #else 
.................... #define ptrdiff_t unsigned int16 
.................... #endif 
....................  
.................... #if defined(__PCB__) || defined(__PCM__) 
.................... #define size_t unsigned int8 
.................... #else 
.................... #define size_t unsigned int16 
.................... #endif 
.................... #define wchar_t char 
.................... #define NULL 0 
....................  
.................... #define offsetof(s,f) (offsetofbit(s,f)/8) 
....................  
.................... #endif 
....................  
.................... #include <ctype.h> 
.................... //////////////////////////////////////////////////////////////////////////// 
.................... ////        (C) Copyright 1996,2003 Custom Computer Services            //// 
.................... //// This source code may only be used by licensed users of the CCS C   //// 
.................... //// compiler.  This source code may only be distributed to other       //// 
.................... //// licensed users of the CCS C compiler.  No other use, reproduction  //// 
.................... //// or distribution is permitted without written permission.           //// 
.................... //// Derivative programs created using this software in object code     //// 
.................... //// form are not restricted in any way.                                //// 
.................... //////////////////////////////////////////////////////////////////////////// 
....................  
.................... #ifndef _CTYPE 
.................... #define _CTYPE 
....................  
.................... #define islower(x)  isamong(x,"abcdefghijklmnopqrstuvwxyz") 
.................... #define isupper(x)  isamong(x,"ABCDEFGHIJKLMNOPQRSTUVWXYZ") 
.................... #define isalnum(x)  isamong(x,"0123456789ABCDEFGHIJKLMNOPQRSTUVWXYZabcdefghijklmnopqrstuvwxyz") 
.................... #define isalpha(x)  isamong(x,"ABCDEFGHIJKLMNOPQRSTUVWXYZabcdefghijklmnopqrstuvwxyz") 
.................... #define isdigit(x)  isamong(x,"0123456789") 
.................... #define isspace(x)  ((x)==' ') 
.................... #define isxdigit(x) isamong(x,"0123456789ABCDEFabcdef") 
.................... #define iscntrl(x)  ((x)<' ') 
.................... #define isprint(x)  ((x)>=' ') 
.................... #define isgraph(x)  ((x)>' ') 
.................... #define ispunct(x)  (((x)>' ')&&!isalnum(x)) 
....................  
.................... #endif 
....................  
....................  
....................  
....................  
....................  
.................... ////////////////////////////////////////////// 
.................... //// Uncomment the following define to    //// 
.................... //// allow some functions to use a        //// 
.................... //// quicker algorithm, but use more ROM  //// 
.................... ////                                      //// 
.................... //// #define FASTER_BUT_MORE_ROM          //// 
.................... ////////////////////////////////////////////// 
....................  
....................  
....................  
.................... /*Copying functions*/ 
.................... /* standard template: 
....................    void *memmove(void *s1, void *s2, size_t n). 
....................    Copies max of n characters safely (not following ending '\0') 
....................    from s2 in s1; if s2 has less than n characters, appends 0 */ 
....................  
.................... unsigned char *memmove(void *s1,void *s2,size_t n) 
.................... { 
....................    unsigned char *sc1; 
....................    unsigned char *sc2; 
....................    sc1=s1; 
....................    sc2=s2; 
....................    if(sc2<sc1 && sc1 <sc2 +n) 
....................       for(sc1+=n,sc2+=n;0<n;--n) 
....................          *--sc1=*--sc2; 
....................    else 
....................       for(;0<n;--n) 
....................          *sc1++=*sc2++; 
....................   return s1; 
....................   } 
....................  
.................... /* Standard template: char *strcpy(char *s1, const char *s2) 
....................    copies the string s2 including the null character to s1. 
....................    This is a compiler built in to handle the different address 
....................    spaces */ 
....................  
.................... #define strcopy strcpy 
....................  
.................... /* standard template: 
....................    char *strncpy(char *s1, const char *s2, size_t n). 
....................    Copies max of n characters (not following ending '\0') 
....................    from s2 in s1; if s2 has less than n characters, appends 0 */ 
....................  
.................... unsigned char *strncpy(unsigned char *s1, unsigned char *s2, size_t n) 
.................... { 
....................   unsigned char *s; 
....................  
....................   for (s = s1; n > 0 && *s2 != '\0'; n--) 
....................      *s++ = *s2++; 
....................   for (; n > 0; n--) 
....................      *s++ = '\0'; 
....................  
....................   return(s1); 
.................... } 
.................... /***********************************************************/ 
....................  
.................... /*concatenation functions*/ 
.................... /* standard template: char *strcat(char *s1, const char *s2) 
.................... appends s2 to s1*/ 
....................  
.................... unsigned char *strcat(unsigned char *s1, unsigned char *s2) 
.................... { 
....................    unsigned char *s; 
....................  
....................    for (s = s1; *s != '\0'; ++s); 
....................    while(*s2 != '\0') 
....................    { 
....................       *s = *s2; 
....................       ++s; 
....................       ++s2; 
....................    } 
....................  
....................    *s = '\0'; 
....................    return(s1); 
.................... } 
.................... /* standard template: char *strncat(char *s1, char *s2,size_t n) 
.................... appends not more than n characters from s2 to s1*/ 
....................  
.................... unsigned char *strncat(unsigned char *s1, unsigned char *s2, size_t n) 
.................... { 
....................    unsigned char *s; 
....................  
....................    for (s = s1; *s != '\0'; ++s); 
....................    while(*s2 != '\0' && 0<n) 
....................    { 
....................       *s = *s2; 
....................       ++s; 
....................       ++s2; 
....................       --n; 
....................    } 
....................  
....................    *s = '\0'; 
....................    return(s1); 
.................... } 
....................  
.................... /***********************************************************/ 
....................  
....................  
.................... /*comparison functions*/ 
.................... /* standard template: signed int memcmp(void *s1, void *s2). 
....................    Compares s1 & s2; returns -1 if s1<s2, 0 if s1=s2, 1 if s1>s2 */ 
....................  
.................... signed int8 memcmp(void * s1,void *s2,size_t n) 
.................... { 
.................... unsigned char *su1, *su2; 
.................... for(su1=s1, su2=s2; 0<n; ++su1, ++su2, --n) 
.................... { 
....................    if(*su1!=*su2) 
....................       return ((*su1<*su2)?-1:1); 
.................... } 
.................... return 0; 
.................... } 
....................  
.................... /* standard template: int strcmp(const char *s1, const char *s2). 
....................    Compares s1 & s2; returns -1 if s1<s2, 0 if s1=s2, 1 if s1>s2 */ 
....................  
.................... signed int8 strcmp(unsigned char *s1, unsigned char *s2) 
.................... { 
....................    for (; *s1 == *s2; s1++, s2++) 
*
0251:  MOVLB  03
0252:  MOVF   51,W
0253:  MOVWF  7A
0254:  MOVF   50,W
0255:  MOVWF  04
0256:  MOVF   7A,W
0257:  MOVWF  05
0258:  MOVF   00,W
0259:  MOVWF  54
025A:  MOVF   53,W
025B:  MOVWF  7A
025C:  MOVF   52,W
025D:  MOVWF  04
025E:  MOVF   7A,W
025F:  MOVWF  05
0260:  MOVF   00,W
0261:  SUBWF  54,W
0262:  BTFSS  03.2
0263:  GOTO   27A
....................       if (*s1 == '\0') 
0264:  MOVF   51,W
0265:  MOVWF  7A
0266:  MOVF   50,W
0267:  MOVWF  04
0268:  MOVF   7A,W
0269:  MOVWF  05
026A:  MOVF   00,F
026B:  BTFSS  03.2
026C:  GOTO   270
....................          return(0); 
026D:  MOVLW  00
026E:  MOVWF  78
026F:  GOTO   290
0270:  MOVF   51,W
0271:  MOVWF  7A
0272:  MOVF   50,W
0273:  INCF   50,F
0274:  BTFSC  03.2
0275:  INCF   51,F
0276:  INCF   52,F
0277:  BTFSC  03.2
0278:  INCF   53,F
0279:  GOTO   252
....................    return((*s1 < *s2) ? -1: 1); 
027A:  MOVF   51,W
027B:  MOVWF  7A
027C:  MOVF   50,W
027D:  MOVWF  04
027E:  MOVF   51,W
027F:  MOVWF  05
0280:  MOVF   00,W
0281:  MOVWF  54
0282:  MOVF   53,W
0283:  MOVWF  7A
0284:  MOVF   52,W
0285:  MOVWF  04
0286:  MOVF   53,W
0287:  MOVWF  05
0288:  MOVF   00,W
0289:  SUBWF  54,W
028A:  BTFSC  03.0
028B:  GOTO   28E
028C:  MOVLW  FF
028D:  GOTO   28F
028E:  MOVLW  01
028F:  MOVWF  78
0290:  MOVLB  00
0291:  RETURN
.................... } 
.................... /* standard template: int strcoll(const char *s1, const char *s2). 
....................    Compares s1 & s2; returns -1 if s1<s2, 0 if s1=s2, 1 if s1>s2 */ 
....................  
.................... signed int8 strcoll(unsigned char *s1, unsigned char *s2) 
.................... { 
....................    for (; *s1 == *s2; s1++, s2++) 
....................       if (*s1 == '\0') 
....................          return(0); 
....................    return((*s1 < *s2) ? -1: 1); 
.................... } 
....................  
.................... /* standard template: 
....................    int strncmp(const char *s1, const char *s2, size_t n). 
....................    Compares max of n characters (not following 0) from s1 to s2; 
....................    returns same as strcmp */ 
....................  
.................... signed int8 strncmp(unsigned char *s1, unsigned char *s2, size_t n) 
.................... { 
....................    for (; n > 0; s1++, s2++, n--) 
....................       if (*s1 != *s2) 
....................          return((*s1 <*s2) ? -1: 1); 
....................       else if (*s1 == '\0') 
....................          return(0); 
....................    return(0); 
.................... } 
.................... /* standard template: 
....................    int strxfrm(const char *s1, const char *s2, size_t n). 
....................    transforms maximum of n characters from s2 and places them into s1, returns number of chars written ot s1. 
....................    if s1 is NULL and n is 0, then it returns the length of s2.*/ 
.................... size_t strxfrm(unsigned char *s1, unsigned char *s2, size_t n) 
.................... { 
....................    unsigned char c; 
....................    unsigned int8 n1; 
....................     
....................    if (!s1 && !n) 
....................       n = -1; //find length 
....................  
....................    n1 = 0; 
....................     
....................    for (; n1 < n; n1++) 
....................    { 
....................       c = *s2++; 
....................       if (!c) 
....................          break; 
....................       if (s1) 
....................          *s1++ = c; 
....................    } 
....................  
....................   return(n1); 
.................... } 
....................  
....................  
....................  
....................  
....................  
.................... /***********************************************************/ 
.................... /*Search functions*/ 
.................... /* standard template: void *memchr(const char *s, int c). 
....................    Finds first occurrence of c in n characters of s */ 
....................  
.................... unsigned char *memchr(void *s,unsigned int8 c,size_t n) 
.................... { 
....................    unsigned char uc; 
....................    unsigned char *su; 
....................    uc=c; 
....................    for(su=s;0<n;++su,--n) 
....................       if(*su==uc) 
....................       return su; 
....................    return NULL; 
.................... } 
....................  
.................... /* standard template: char *strchr(const char *s, int c). 
....................    Finds first occurrence of c in s */ 
....................  
.................... unsigned char *strchr(unsigned char *s, unsigned int8 c) 
.................... { 
....................    for (; *s != c; s++) 
....................       if (*s == '\0') 
....................          return(0); 
....................    return(s); 
.................... } 
.................... /* standard template: 
....................    size_t strcspn(const char *s1, const char *s2). 
....................    Computes length of max initial segment of s1 that 
....................    consists entirely of characters NOT from s2*/ 
....................  
.................... unsigned int8  strcspn(unsigned char *s1, unsigned char *s2) 
.................... { 
....................    unsigned char *sc1, *sc2; 
....................  
....................    for (sc1 = s1; *sc1 != 0; sc1++) 
....................       for (sc2 = s2; *sc2 != 0; sc2++) 
....................          if (*sc1 == *sc2) 
....................             return(sc1 - s1); 
....................    return(sc1 - s1); 
.................... } 
.................... /* standard template: 
....................    char *strpbrk(const char *s1, const char *s2). 
....................    Locates first occurence of any character from s2 in s1; 
....................    returns s1 if s2 is empty string */ 
....................  
.................... unsigned char *strpbrk(unsigned char *s1, unsigned char *s2) 
.................... { 
....................    unsigned char *sc1, *sc2; 
....................  
....................    for (sc1 = s1; *sc1 != 0; sc1++) 
....................       for (sc2 = s2; *sc2 != 0; sc2++) 
....................          if (*sc1 == *sc2) 
....................             return(sc1); 
....................    return(0); 
.................... } 
....................  
....................  
.................... /* standard template: char *strrchr(const char *s, int c). 
....................    Finds last occurrence of c in s */ 
....................  
.................... unsigned char *strrchr(unsigned char *s, unsigned int8 c) 
.................... { 
....................    unsigned char *p; 
....................  
....................    for (p = 0; ; s++) 
....................    { 
....................       if (*s == c) 
....................          p = s; 
....................       if (*s == '\0') 
....................          return(p); 
....................    } 
.................... } 
.................... /* computes length of max initial segment of s1 consisting 
....................    entirely of characters from s2 */ 
....................  
.................... unsigned int8  strspn(unsigned char *s1, unsigned char *s2) 
.................... { 
....................    unsigned char *sc1, *sc2; 
....................  
....................    for (sc1 = s1; *sc1 != 0; sc1++) 
....................       for (sc2 = s2; ; sc2++) 
....................     if (*sc2 == '\0') 
....................        return(sc1 - s1); 
....................          else if (*sc1 == *sc2) 
....................             break; 
....................    return(sc1 - s1); 
.................... } 
.................... /* standard template: 
....................    char *strstr(const char *s1, const char *s2); 
....................    Locates first occurence of character sequence s2 in s1; 
....................    returns 0 if s2 is empty string 
....................  
....................    Uncomment #define FASTER_BUT_MORE_ROM at the top of the 
....................    file to use the faster algorithm */ 
.................... unsigned char *strstr(unsigned char *s1, unsigned char *s2) 
.................... { 
....................    unsigned char *s, *t; 
....................  
....................    #ifdef FASTER_BUT_MORE_ROM 
....................    if (*s2 == '\0') 
....................          return(s1); 
....................    #endif 
....................  
....................    while (*s1) 
....................    { 
....................       for(s = s1, t = s2; *t && (*s == *t); ++s, ++t); 
....................  
....................       if (*t == '\0') 
....................          return s1; 
....................       ++s1; 
....................       #ifdef FASTER_BUT_MORE_ROM 
....................          while(*s1 != '\0' && *s1 != *s2) 
....................             ++s1; 
....................       #endif 
....................    } 
....................    return 0; 
.................... } 
....................  
.................... /* standard template: size_t strlen(const char *s). 
....................    Computes length of s1 (preceding terminating 0) */ 
....................  
.................... size_t strlen(unsigned char *s) 
.................... { 
....................    unsigned char *sc; 
....................  
....................    for (sc = s; *sc != 0; sc++); 
*
0629:  MOVF   52,W
062A:  MOVWF  54
062B:  MOVF   51,W
062C:  MOVWF  53
062D:  MOVF   54,W
062E:  MOVWF  7A
062F:  MOVF   53,W
0630:  MOVWF  04
0631:  MOVF   7A,W
0632:  MOVWF  05
0633:  MOVF   00,F
0634:  BTFSC  03.2
0635:  GOTO   63A
0636:  INCF   53,F
0637:  BTFSC  03.2
0638:  INCF   54,F
0639:  GOTO   62D
....................    return(sc - s); 
063A:  MOVF   51,W
063B:  SUBWF  53,W
063C:  MOVWF  77
063D:  MOVF   52,W
063E:  SUBWFC 54,W
063F:  MOVWF  7A
0640:  MOVF   77,W
0641:  MOVWF  78
.................... } 
....................  
.................... /* standard template: char *strtok(char *s1, const char *s2). 
....................  
....................    Finds next token in s1 delimited by a character from separator 
....................    string s2 (which can be different from call to call).  First call 
....................    starts at beginning of s1 searching for first character NOT 
....................    contained in s2; returns 0 if none is found. 
....................    If one is found, it is the start of first token (return value). 
....................    Function then searches from there for a character contained in s2. 
....................    If none is found, current token extends to end of s1, and subsequent 
....................    searches for a token will return 0.  If one is found, it is 
....................    overwritten by '\0', which terminates current token.  Function saves 
....................    pointer to following character from which next search will start. 
....................    Each subsequent call, with 0 as first argument, starts searching 
....................    from saved pointer */ 
....................  
.................... unsigned char *strtok(unsigned char *s1, unsigned char *s2) 
.................... { 
....................    unsigned char *beg, *end; 
....................    static char *save; 
....................  
....................    beg = (s1)? s1: save; 
....................    beg += strspn(beg, s2); 
....................    if (*beg == '\0') 
....................       return(0); 
....................        
....................    end = strpbrk(beg, s2); 
....................    if (end != '\0') 
....................    { 
....................       *end = '\0'; 
....................       end++; 
....................       save = end; 
....................    } 
....................    else 
....................       save = beg + strlen(beg); 
....................     
....................    return(beg); 
.................... } 
....................  
.................... /*****************************************************************/ 
.................... /*Miscellaneous functions*/ 
.................... /* standard template 
.................... maps error number in errnum to an error message string 
.................... Returns: Pointer to string 
.................... */ 
.................... #ifdef _ERRNO 
.................... unsigned char * strerror(unsigned int8 errnum) 
.................... { 
.................... static unsigned char s[13]; 
.................... switch( errnum) 
.................... { 
.................... case 0: 
....................    strcpy(s,"no errors"); 
....................    return s; 
.................... case EDOM : 
....................    strcpy(s,"domain error"); 
....................    return s; 
.................... case ERANGE: 
....................    strcpy(s,"range error"); 
....................    return s; 
.................... } 
.................... } 
.................... #ENDIF 
....................  
.................... /* standard template: size_t stricmp(const char *s1, const char *s2). 
....................    Compares s1 to s2 ignoring case (upper vs. lower) */ 
....................  
.................... signed int8 stricmp(unsigned char *s1, unsigned char *s2) 
.................... { 
....................  for(; *s1==*s2||(isalpha(*s1)&&isalpha(*s2)&&(*s1==*s2+32||*s2==*s1+32)); 
....................     s1++, s2++) 
....................     if (*s1 == '\0') 
....................        return(0); 
....................  return((*s1 < *s2) ? -1: 1); 
.................... } 
....................  
....................  
.................... /* standard template: char *strlwr(char *s). 
....................    Replaces uppercase letters by lowercase; 
....................    returns pointer to new string s */ 
....................  
.................... unsigned char *strlwr(unsigned char *s) 
.................... { 
....................    unsigned char *p; 
....................  
....................    for (p = s; *p != '\0'; p++) 
....................       if (*p >= 'A' && *p <='Z') 
....................          *p += 'a' - 'A'; 
....................    return(s); 
.................... } 
....................  
.................... /* standard template: char *strupr(char *s). 
....................    Replaces lowercase letters by upercase; 
....................    returns pointer to new string s */ 
....................  
.................... unsigned char *strupr(unsigned char *s) 
.................... { 
....................    unsigned char *p; 
....................  
....................    for (p = s; *p != '\0'; p++) 
....................       if (*p >= 'a' && *p <='z') 
....................          *p -= 'a' - 'A'; 
....................    return(s); 
.................... } 
....................  
....................  
.................... /************************************************************/ 
....................  
....................  
.................... #endif 
....................  
....................  
.................... div_t div(signed int numer, signed int denom) 
.................... { 
....................    div_t val; 
....................    val.quot = numer / denom; 
....................    val.rem = numer - (denom * val.quot); 
....................    return (val); 
.................... } 
....................  
.................... ldiv_t ldiv(signed long numer, signed long denom) 
.................... { 
....................    ldiv_t val; 
....................  
....................    val.quot = numer / denom; 
....................    val.rem = numer - (denom * val.quot); 
....................    return (val); 
.................... } 
....................  
.................... #if defined(__PCD__) 
.................... float32 atoe(char * s) 
.................... { 
....................    float32 pow10 = 1.0; 
....................    float32 result = 0.0; 
....................    unsigned int8 sign = 0; 
....................    unsigned int8 expsign = 0; 
....................    char c; 
....................    unsigned int8 ptr = 0; 
....................    unsigned int8 i; 
....................    float32 exp = 1.0; 
....................    unsigned int8 expcnt = 0; 
....................  
....................    c = s[ptr++]; 
....................  
....................    if ((c>='0' && c<='9') || c=='+' || c=='-' || c=='.' || c=='E' || c=='e') { 
....................       if(c == '-') { 
....................          sign = 1; 
....................          c = s[ptr++]; 
....................       } 
....................       if(c == '+') 
....................          c = s[ptr++]; 
....................  
....................       while((c >= '0' && c <= '9')) { 
....................          result = 10*result + c - '0'; 
....................          c = s[ptr++]; 
....................       } 
....................  
....................       if (c == '.') { 
....................          c = s[ptr++]; 
....................          while((c >= '0' && c <= '9')) { 
....................              pow10 = pow10*10; 
....................              result += (c - '0')/pow10; 
....................              c = s[ptr++]; 
....................          } 
....................       } 
....................  
....................       // Handling the exponent 
....................       if (c=='e' || c=='E') { 
....................          c = s[ptr++]; 
....................  
....................          if(c == '-') { 
....................             expsign = 1; 
....................             c = s[ptr++]; 
....................          } 
....................          if(c == '+') 
....................             c = s[ptr++]; 
....................  
....................          while((c >= '0' && c <= '9')) { 
....................             expcnt = 10*expcnt + c - '0'; 
....................             c = s[ptr++]; 
....................          } 
....................  
....................          for(i=0;i<expcnt;i++) 
....................             exp*=10; 
....................  
....................          if(expsign==1) 
....................             result/=exp; 
....................          else 
....................             result*=exp; 
....................       } 
....................    } 
....................  
....................    if (sign == 1) 
....................       result = -1*result; 
....................    return(result); 
.................... } 
.................... #endif 
....................  
.................... #if !defined(__PCD__) 
.................... float atoe(char * s) 
.................... { 
....................    float pow10 = 1.0; 
....................    float result = 0.0; 
....................    unsigned int8 sign = 0; 
....................    unsigned int8 expsign = 0; 
....................    char c; 
....................    unsigned int8 ptr = 0; 
....................    unsigned int8 i; 
....................    float exp = 1.0; 
....................    unsigned int8 expcnt = 0; 
....................  
....................    c = s[ptr++]; 
....................  
....................    if ((c>='0' && c<='9') || c=='+' || c=='-' || c=='.' || c=='E' || c=='e') { 
....................       if(c == '-') { 
....................          sign = 1; 
....................          c = s[ptr++]; 
....................       } 
....................       if(c == '+') 
....................          c = s[ptr++]; 
....................  
....................       while((c >= '0' && c <= '9')) { 
....................          result = 10*result + c - '0'; 
....................          c = s[ptr++]; 
....................       } 
....................  
....................       if (c == '.') { 
....................          c = s[ptr++]; 
....................          while((c >= '0' && c <= '9')) { 
....................              pow10 = pow10*10; 
....................              result += (c - '0')/pow10; 
....................              c = s[ptr++]; 
....................          } 
....................       } 
....................  
....................       // Handling the exponent 
....................       if (c=='e' || c=='E') { 
....................          c = s[ptr++]; 
....................  
....................          if(c == '-') { 
....................             expsign = 1; 
....................             c = s[ptr++]; 
....................          } 
....................          if(c == '+') 
....................             c = s[ptr++]; 
....................  
....................          while((c >= '0' && c <= '9')) { 
....................             expcnt = 10*expcnt + c - '0'; 
....................             c = s[ptr++]; 
....................          } 
....................  
....................          for(i=0;i<expcnt;i++) 
....................             exp*=10; 
....................  
....................          if(expsign==1) 
....................             result/=exp; 
....................          else 
....................             result*=exp; 
....................       } 
....................    } 
....................  
....................    if (sign == 1) 
....................       result = -1*result; 
....................    return(result); 
.................... } 
.................... #endif 
....................  
.................... signed int atoi(char *s) 
.................... { 
....................    signed int result; 
....................    unsigned int sign, base, index; 
....................    char c; 
....................  
....................    index = 0; 
....................    sign = 0; 
....................    base = 10; 
....................    result = 0; 
....................  
....................    if (!s) 
....................       return 0; 
....................    // Omit all preceeding alpha characters 
....................    c = s[index++]; 
....................  
....................    // increase index if either positive or negative sign is detected 
....................    if (c == '-') 
....................    { 
....................       sign = 1;         // Set the sign to negative 
....................       c = s[index++]; 
....................    } 
....................    else if (c == '+') 
....................    { 
....................       c = s[index++]; 
....................    } 
....................  
....................    if (c >= '0' && c <= '9') 
....................    { 
....................  
....................       // Check for hexa number 
....................       if (c == '0' && (s[index] == 'x' || s[index] == 'X')) 
....................       { 
....................          base = 16; 
....................          index++; 
....................          c = s[index++]; 
....................       } 
....................  
....................       // The number is a decimal number 
....................       if (base == 10) 
....................       { 
....................          while (c >= '0' && c <= '9') 
....................          { 
....................             result = 10*result + (c - '0'); 
....................             c = s[index++]; 
....................          } 
....................       } 
....................       else if (base == 16)    // The number is a hexa number 
....................       { 
....................          c = toupper(c); 
....................          while ( (c >= '0' && c <= '9') || (c >= 'A' && c<='F')) 
....................          { 
....................             if (c >= '0' && c <= '9') 
....................                result = (result << 4) + (c - '0'); 
....................             else 
....................                result = (result << 4) + (c - 'A' + 10); 
....................  
....................             c = s[index++]; 
....................             c = toupper(c); 
....................          } 
....................       } 
....................    } 
....................  
....................    if (sign == 1 && base == 10) 
....................        result = -result; 
....................  
....................    return(result); 
.................... } 
....................  
.................... signed long atol(char *s) 
.................... { 
....................    signed long result; 
....................    unsigned int sign, base, index; 
....................    char c; 
....................  
....................    index = 0; 
....................    sign = 0; 
....................    base = 10; 
....................    result = 0; 
....................  
....................    if (!s) 
....................       return 0; 
....................    c = s[index++]; 
....................  
....................    // increase index if either positive or negative sign is detected 
....................    if (c == '-') 
....................    { 
....................       sign = 1;         // Set the sign to negative 
....................       c = s[index++]; 
....................    } 
....................    else if (c == '+') 
....................    { 
....................       c = s[index++]; 
....................    } 
....................  
....................    if (c >= '0' && c <= '9') 
....................    { 
....................       if (c == '0' && (s[index] == 'x' || s[index] == 'X')) 
....................       { 
....................          base = 16; 
....................          index++; 
....................          c = s[index++]; 
....................       } 
....................  
....................       // The number is a decimal number 
....................       if (base == 10) 
....................       { 
....................          while (c >= '0' && c <= '9') 
....................          { 
....................             result = 10*result + (c - '0'); 
....................             c = s[index++]; 
....................          } 
....................       } 
....................       else if (base == 16)    // The number is a hexa number 
....................       { 
....................          c = toupper(c); 
....................          while ( (c >= '0' && c <= '9') || (c >= 'A' && c <='F')) 
....................          { 
....................             if (c >= '0' && c <= '9') 
....................                result = (result << 4) + (c - '0'); 
....................             else 
....................                result = (result << 4) + (c - 'A' + 10); 
....................  
....................             c = s[index++];c = toupper(c); 
....................          } 
....................       } 
....................    } 
....................  
....................    if (base == 10 && sign == 1) 
....................       result = -result; 
....................  
....................    return(result); 
.................... } 
....................  
.................... /* A fast routine to multiply by 10 
....................  */ 
.................... signed int32 mult_with10(int32 num) 
.................... { 
....................    return ( (num << 1) + (num << 3) ); 
.................... } 
....................  
.................... #if sizeof(long)==2 
.................... signed int32 atoi32(char *s) 
.................... { 
....................    signed int32 result; 
....................    int8 sign, base, index; 
....................    char c; 
....................  
....................    index = 0; 
....................    sign = 0; 
....................    base = 10; 
....................    result = 0; 
....................  
....................    if (!s) 
....................       return 0; 
....................    c = s[index++]; 
....................  
....................    // increase index if either positive or negative sign is detected 
....................    if (c == '-') 
....................    { 
....................       sign = 1;         // Set the sign to negative 
....................       c = s[index++]; 
....................    } 
....................    else if (c == '+') 
....................    { 
....................       c = s[index++]; 
....................    } 
....................  
....................    if (c >= '0' && c <= '9') 
....................    { 
....................       if (c == '0' && (s[index] == 'x' || s[index] == 'X')) 
....................       { 
....................          base = 16; 
....................          index++; 
....................          c = s[index++]; 
....................       } 
....................  
....................       // The number is a decimal number 
....................       if (base == 10) 
....................       { 
....................          while (c >= '0' && c <= '9') { 
....................             result = (result << 1) + (result << 3);  // result *= 10; 
....................             result += (c - '0'); 
....................             c = s[index++]; 
....................          } 
....................       } 
....................       else if (base == 16)    // The number is a hexa number 
....................       { 
....................          c = toupper(c); 
....................          while ((c >= '0' && c <= '9') || (c >= 'A' && c <='F')) 
....................          { 
....................             if (c >= '0' && c <= '9') 
....................                result = (result << 4) + (c - '0'); 
....................             else 
....................                result = (result << 4) + (c - 'A' + 10); 
....................  
....................             c = s[index++];c = toupper(c); 
....................          } 
....................       } 
....................    } 
....................  
....................    if (base == 10 && sign == 1) 
....................       result = -result; 
....................  
....................    return(result); 
.................... } 
.................... #endif 
....................  
.................... #if defined(__PCD__) 
....................  
.................... signed int48 atoi48(char *s) 
.................... { 
....................    signed int48 result; 
....................    int8 sign, base, index; 
....................    char c; 
....................  
....................    index = 0; 
....................    sign = 0; 
....................    base = 10; 
....................    result = 0; 
....................  
....................    if (!s) 
....................       return 0; 
....................    c = s[index++]; 
....................  
....................    // increase index if either positive or negative sign is detected 
....................    if (c == '-') 
....................    { 
....................       sign = 1;         // Set the sign to negative 
....................       c = s[index++]; 
....................    } 
....................    else if (c == '+') 
....................    { 
....................       c = s[index++]; 
....................    } 
....................  
....................    if (c >= '0' && c <= '9') 
....................    { 
....................       if (c == '0' && (s[index] == 'x' || s[index] == 'X')) 
....................       { 
....................          base = 16; 
....................          index++; 
....................          c = s[index++]; 
....................       } 
....................  
....................       // The number is a decimal number 
....................       if (base == 10) 
....................       { 
....................          while (c >= '0' && c <= '9') { 
....................             result = (result << 1) + (result << 3);  // result *= 10; 
....................             result += (c - '0'); 
....................             c = s[index++]; 
....................          } 
....................       } 
....................       else if (base == 16)    // The number is a hexa number 
....................       { 
....................          c = toupper(c); 
....................          while ((c >= '0' && c <= '9') || (c >= 'A' && c <='F')) 
....................          { 
....................             if (c >= '0' && c <= '9') 
....................                result = (result << 4) + (c - '0'); 
....................             else 
....................                result = (result << 4) + (c - 'A' + 10); 
....................  
....................             c = s[index++];c = toupper(c); 
....................          } 
....................       } 
....................    } 
....................  
....................    if (base == 10 && sign == 1) 
....................       result = -result; 
....................  
....................    return(result); 
.................... } 
....................  
.................... signed int64 atoi64(char *s) 
.................... { 
....................    signed int64 result; 
....................    int8 sign, base, index; 
....................    char c; 
....................  
....................    index = 0; 
....................    sign = 0; 
....................    base = 10; 
....................    result = 0; 
....................  
....................    if (!s) 
....................       return 0; 
....................    c = s[index++]; 
....................  
....................    // increase index if either positive or negative sign is detected 
....................    if (c == '-') 
....................    { 
....................       sign = 1;         // Set the sign to negative 
....................       c = s[index++]; 
....................    } 
....................    else if (c == '+') 
....................    { 
....................       c = s[index++]; 
....................    } 
....................  
....................    if (c >= '0' && c <= '9') 
....................    { 
....................       if (c == '0' && (s[index] == 'x' || s[index] == 'X')) 
....................       { 
....................          base = 16; 
....................          index++; 
....................          c = s[index++]; 
....................       } 
....................  
....................       // The number is a decimal number 
....................       if (base == 10) 
....................       { 
....................          while (c >= '0' && c <= '9') { 
....................             result = (result << 1) + (result << 3);  // result *= 10; 
....................             result += (c - '0'); 
....................             c = s[index++]; 
....................          } 
....................       } 
....................       else if (base == 16)    // The number is a hexa number 
....................       { 
....................          c = toupper(c); 
....................          while ((c >= '0' && c <= '9') || (c >= 'A' && c <='F')) 
....................          { 
....................             if (c >= '0' && c <= '9') 
....................                result = (result << 4) + (c - '0'); 
....................             else 
....................                result = (result << 4) + (c - 'A' + 10); 
....................  
....................             c = s[index++];c = toupper(c); 
....................          } 
....................       } 
....................    } 
....................  
....................    if (base == 10 && sign == 1) 
....................       result = -result; 
....................  
....................    return(result); 
.................... } 
.................... #endif 
....................  
.................... char * itoa(signed int32 num, unsigned int base, char * s) 
.................... { 
....................      unsigned int32 temp=1; 
....................      unsigned int8 i,sign=0,cnt=0; 
....................      char c; 
....................  
....................      if(num<0) { 
....................          sign=1;        // Check for negative number 
....................          num*=-1; 
....................      } 
....................  
....................      while(temp>0) { 
....................          temp=(num/base); 
....................          s[cnt]=(num%base)+'0';    // Conversion 
....................  
....................          if(s[cnt]>0x39) 
....................             s[cnt]+=0x7; 
....................  
....................          cnt++; 
....................          num=temp; 
....................      } 
....................  
....................      if(sign==1) { 
....................          s[cnt]=0x2D;      // Negative sign 
....................          cnt++; 
....................      } 
....................  
....................      for(i = 0;i<(int8)(cnt/2);i++) { 
....................  
....................          c=s[i]; 
....................          s[i]=s[cnt-i-1];        // Reverse the number 
....................          s[cnt-i-1]=c; 
....................      } 
....................      s[cnt]='\0';     // End the string 
....................      return s; 
.................... } 
....................  
.................... #if defined(__PCD__) 
....................  
.................... char * itoa(signed int48 num, unsigned int base, char * s) 
.................... { 
....................      unsigned int48 temp=1; 
....................      unsigned int8 i,sign=0,cnt=0; 
....................      char c; 
....................  
....................      if(num<0) { 
....................          sign=1;        // Check for negative number 
....................          num*=-1; 
....................      } 
....................  
....................      while(temp>0) { 
....................          temp=(num/base); 
....................          s[cnt]=(num%base)+'0';    // Conversion 
....................  
....................          if(s[cnt]>0x39) 
....................             s[cnt]+=0x7; 
....................  
....................          cnt++; 
....................          num=temp; 
....................      } 
....................  
....................      if(sign==1) { 
....................          s[cnt]=0x2D;      // Negative sign 
....................          cnt++; 
....................      } 
....................  
....................      for(i = 0;i<(int8)(cnt/2);i++) { 
....................  
....................          c=s[i]; 
....................          s[i]=s[cnt-i-1];        // Reverse the number 
....................          s[cnt-i-1]=c; 
....................      } 
....................      s[cnt]='\0';     // End the string 
....................      return s; 
.................... } 
....................  
.................... char * itoa(signed int64 num, unsigned int base, char * s) 
.................... { 
....................      unsigned int64 temp=1; 
....................      unsigned int8 i,sign=0,cnt=0; 
....................      char c; 
....................       
....................      if(num<0) { 
....................          sign=1;        // Check for negative number 
....................          num*=-1;         
....................      } 
....................  
....................      while(temp>0) { 
....................          temp=(num/base); 
....................          s[cnt]=(num%base)+'0';    // Conversion 
....................  
....................          if(s[cnt]>0x39) 
....................             s[cnt]+=0x7; 
....................              
....................          cnt++; 
....................          num=temp; 
....................      } 
....................  
....................      if(sign==1) { 
....................          s[cnt]=0x2D;      // Negative sign 
....................          cnt++; 
....................      } 
....................  
....................      for(i = 0;i<(int8)(cnt/2);i++) { 
....................  
....................          c=s[i]; 
....................          s[i]=s[cnt-i-1];        // Reverse the number 
....................          s[cnt-i-1]=c; 
....................      } 
....................      s[cnt]='\0';     // End the string 
....................      return s; 
.................... } 
....................  
.................... #endif 
....................  
.................... float strtof(char *s, char **endptr) 
*
097E:  MOVLB  03
097F:  CLRF   52
0980:  CLRF   51
0981:  CLRF   50
0982:  MOVLW  7F
0983:  MOVWF  4F
0984:  CLRF   56
0985:  CLRF   55
0986:  CLRF   54
0987:  CLRF   53
0988:  BSF    57.0
0989:  BCF    57.1
098A:  BCF    57.2
098B:  CLRF   59
.................... { 
....................    float pow10 = 1.0; 
....................    float result = 0.0; 
....................    int1 skip = 1, sign = 0, point = 0; 
....................    char c; 
....................    unsigned int8 ptr = 0; 
....................  
....................    if (!s) 
098C:  MOVF   4B,W
098D:  IORWF  4C,W
098E:  BTFSS  03.2
098F:  GOTO   195
....................       return 0; 
0990:  CLRF   77
0991:  CLRF   78
0992:  CLRF   79
0993:  CLRF   7A
0994:  GOTO   2B6
....................  
....................    for(c=s[ptr++]; c!=0; c=s[ptr++]) 
0995:  MOVF   59,W
0996:  INCF   59,F
0997:  ADDWF  4B,W
0998:  MOVWF  04
0999:  MOVLW  00
099A:  ADDWFC 4C,W
099B:  MOVWF  05
099C:  MOVF   00,W
099D:  MOVWF  58
099E:  MOVF   58,F
099F:  BTFSC  03.2
09A0:  GOTO   276
....................    { 
....................       if (skip && !isspace(c)) 
09A1:  BTFSS  57.0
09A2:  GOTO   1B5
09A3:  MOVF   58,W
09A4:  SUBLW  20
09A5:  BTFSC  03.2
09A6:  GOTO   1B5
....................       { 
....................          skip = 0; 
09A7:  BCF    57.0
....................          if (c == '+') 
09A8:  MOVF   58,W
09A9:  SUBLW  2B
09AA:  BTFSS  03.2
09AB:  GOTO   1AF
....................          { 
....................             sign = 0; 
09AC:  BCF    57.1
....................             continue; 
09AD:  GOTO   26C
....................          }             
09AE:  GOTO   1B5
....................          else if (c == '-') 
09AF:  MOVF   58,W
09B0:  SUBLW  2D
09B1:  BTFSS  03.2
09B2:  GOTO   1B5
....................          { 
....................             sign = 1; 
09B3:  BSF    57.1
....................             continue; 
09B4:  GOTO   26C
....................          } 
....................       } 
....................       if (!skip && (c == '.') && !point) 
09B5:  BTFSC  57.0
09B6:  GOTO   1BF
09B7:  MOVF   58,W
09B8:  SUBLW  2E
09B9:  BTFSS  03.2
09BA:  GOTO   1BF
09BB:  BTFSC  57.2
09BC:  GOTO   1BF
....................          point = 1; 
09BD:  BSF    57.2
09BE:  GOTO   26C
....................       else if (!skip && isdigit(c)) 
09BF:  BTFSC  57.0
09C0:  GOTO   26A
09C1:  MOVF   58,W
09C2:  SUBLW  2F
09C3:  BTFSC  03.0
09C4:  GOTO   26A
09C5:  MOVF   58,W
09C6:  SUBLW  39
09C7:  BTFSS  03.0
09C8:  GOTO   26A
....................       { 
....................          c -= '0'; 
09C9:  MOVLW  30
09CA:  SUBWF  58,F
....................          if (point) 
09CB:  BTFSS  57.2
09CC:  GOTO   22A
....................          { 
....................             pow10 = pow10 * 10.0; 
09CD:  MOVF   52,W
09CE:  MOVWF  6B
09CF:  MOVF   51,W
09D0:  MOVWF  6A
09D1:  MOVF   50,W
09D2:  MOVWF  69
09D3:  MOVF   4F,W
09D4:  MOVWF  68
09D5:  CLRF   6F
09D6:  CLRF   6E
09D7:  MOVLW  20
09D8:  MOVWF  6D
09D9:  MOVLW  82
09DA:  MOVWF  6C
09DB:  MOVLP  00
09DC:  MOVLB  00
09DD:  CALL   2D3
09DE:  MOVLP  08
09DF:  MOVF   7A,W
09E0:  MOVLB  03
09E1:  MOVWF  52
09E2:  MOVF   79,W
09E3:  MOVWF  51
09E4:  MOVF   78,W
09E5:  MOVWF  50
09E6:  MOVF   77,W
09E7:  MOVWF  4F
....................             result += (float)c / pow10;    
09E8:  CLRF   62
09E9:  MOVF   58,W
09EA:  MOVWF  61
09EB:  MOVLP  00
09EC:  MOVLB  00
09ED:  CALL   66A
09EE:  MOVLP  08
09EF:  MOVF   7A,W
09F0:  MOVLB  03
09F1:  MOVWF  5F
09F2:  MOVF   79,W
09F3:  MOVWF  5E
09F4:  MOVF   78,W
09F5:  MOVWF  5D
09F6:  MOVF   77,W
09F7:  MOVWF  5C
09F8:  MOVF   5F,W
09F9:  MOVWF  64
09FA:  MOVF   5E,W
09FB:  MOVWF  63
09FC:  MOVF   5D,W
09FD:  MOVWF  62
09FE:  MOVF   5C,W
09FF:  MOVWF  61
0A00:  MOVF   52,W
0A01:  MOVWF  68
0A02:  MOVF   51,W
0A03:  MOVWF  67
0A04:  MOVF   50,W
0A05:  MOVWF  66
0A06:  MOVF   4F,W
0A07:  MOVWF  65
0A08:  MOVLP  00
0A09:  MOVLB  00
0A0A:  CALL   689
0A0B:  MOVLP  08
0A0C:  BCF    03.1
0A0D:  MOVLB  03
0A0E:  MOVF   56,W
0A0F:  MOVWF  64
0A10:  MOVF   55,W
0A11:  MOVWF  63
0A12:  MOVF   54,W
0A13:  MOVWF  62
0A14:  MOVF   53,W
0A15:  MOVWF  61
0A16:  MOVF   7A,W
0A17:  MOVWF  68
0A18:  MOVF   79,W
0A19:  MOVWF  67
0A1A:  MOVF   78,W
0A1B:  MOVWF  66
0A1C:  MOVF   77,W
0A1D:  MOVWF  65
0A1E:  MOVLB  00
0A1F:  CALL   000
0A20:  MOVF   7A,W
0A21:  MOVLB  03
0A22:  MOVWF  56
0A23:  MOVF   79,W
0A24:  MOVWF  55
0A25:  MOVF   78,W
0A26:  MOVWF  54
0A27:  MOVF   77,W
0A28:  MOVWF  53
....................          } 
0A29:  GOTO   269
....................          else 
....................          { 
....................             result = 10.0 * result + (float)c; 
0A2A:  CLRF   6B
0A2B:  CLRF   6A
0A2C:  MOVLW  20
0A2D:  MOVWF  69
0A2E:  MOVLW  82
0A2F:  MOVWF  68
0A30:  MOVF   56,W
0A31:  MOVWF  6F
0A32:  MOVF   55,W
0A33:  MOVWF  6E
0A34:  MOVF   54,W
0A35:  MOVWF  6D
0A36:  MOVF   53,W
0A37:  MOVWF  6C
0A38:  MOVLP  00
0A39:  MOVLB  00
0A3A:  CALL   2D3
0A3B:  MOVLP  08
0A3C:  MOVF   7A,W
0A3D:  MOVLB  03
0A3E:  MOVWF  5F
0A3F:  MOVF   79,W
0A40:  MOVWF  5E
0A41:  MOVF   78,W
0A42:  MOVWF  5D
0A43:  MOVF   77,W
0A44:  MOVWF  5C
0A45:  CLRF   62
0A46:  MOVF   58,W
0A47:  MOVWF  61
0A48:  MOVLP  00
0A49:  MOVLB  00
0A4A:  CALL   66A
0A4B:  MOVLP  08
0A4C:  BCF    03.1
0A4D:  MOVLB  03
0A4E:  MOVF   5F,W
0A4F:  MOVWF  64
0A50:  MOVF   5E,W
0A51:  MOVWF  63
0A52:  MOVF   5D,W
0A53:  MOVWF  62
0A54:  MOVF   5C,W
0A55:  MOVWF  61
0A56:  MOVF   7A,W
0A57:  MOVWF  68
0A58:  MOVF   79,W
0A59:  MOVWF  67
0A5A:  MOVF   78,W
0A5B:  MOVWF  66
0A5C:  MOVF   77,W
0A5D:  MOVWF  65
0A5E:  MOVLB  00
0A5F:  CALL   000
0A60:  MOVF   7A,W
0A61:  MOVLB  03
0A62:  MOVWF  56
0A63:  MOVF   79,W
0A64:  MOVWF  55
0A65:  MOVF   78,W
0A66:  MOVWF  54
0A67:  MOVF   77,W
0A68:  MOVWF  53
....................          } 
....................       } 
0A69:  GOTO   26C
....................       else if (!skip) 
0A6A:  BTFSS  57.0
....................          break; 
0A6B:  GOTO   276
0A6C:  MOVF   59,W
0A6D:  INCF   59,F
0A6E:  ADDWF  4B,W
0A6F:  MOVWF  04
0A70:  MOVLW  00
0A71:  ADDWFC 4C,W
0A72:  MOVWF  05
0A73:  MOVF   00,W
0A74:  MOVWF  58
0A75:  GOTO   19E
....................    } 
....................  
....................    if (sign) 
0A76:  BTFSS  57.1
0A77:  GOTO   293
....................       result = -1*result; 
0A78:  CLRF   6B
0A79:  CLRF   6A
0A7A:  MOVLW  80
0A7B:  MOVWF  69
0A7C:  MOVLW  7F
0A7D:  MOVWF  68
0A7E:  MOVF   56,W
0A7F:  MOVWF  6F
0A80:  MOVF   55,W
0A81:  MOVWF  6E
0A82:  MOVF   54,W
0A83:  MOVWF  6D
0A84:  MOVF   53,W
0A85:  MOVWF  6C
0A86:  MOVLP  00
0A87:  MOVLB  00
0A88:  CALL   2D3
0A89:  MOVLP  08
0A8A:  MOVF   7A,W
0A8B:  MOVLB  03
0A8C:  MOVWF  56
0A8D:  MOVF   79,W
0A8E:  MOVWF  55
0A8F:  MOVF   78,W
0A90:  MOVWF  54
0A91:  MOVF   77,W
0A92:  MOVWF  53
....................        
....................    if(endptr) 
0A93:  MOVF   4D,W
0A94:  IORWF  4E,W
0A95:  BTFSC  03.2
0A96:  GOTO   2AE
....................    { 
....................       if (ptr) { 
0A97:  MOVF   59,F
0A98:  BTFSC  03.2
0A99:  GOTO   2A6
....................          ptr--; 
0A9A:  DECF   59,F
....................        #IF LONG_POINTERS  
....................          *((int16 *)endptr)= s+ptr;  
0A9B:  MOVF   4D,W
0A9C:  MOVWF  04
0A9D:  MOVF   4E,W
0A9E:  MOVWF  05
0A9F:  MOVF   59,W
0AA0:  ADDWF  4B,W
0AA1:  MOVWF  00
0AA2:  MOVLW  00
0AA3:  ADDWFC 4C,W
0AA4:  MOVWI  W,[FSR0+01]
....................        #ELSE 
....................          *((char *)endptr)=s+ptr; 
....................        #ENDIF 
....................       } 
0AA5:  GOTO   2AE
....................       else 
....................       { 
....................       #IF LONG_POINTERS 
....................       *((int16 *)endptr)= s;  
0AA6:  MOVF   4D,W
0AA7:  MOVWF  04
0AA8:  MOVF   4E,W
0AA9:  MOVWF  05
0AAA:  MOVF   4B,W
0AAB:  MOVWF  00
0AAC:  MOVF   4C,W
0AAD:  MOVWI  W,[FSR0+01]
....................       #ELSE 
....................       *((char *)endptr)=s; 
....................       #ENDIF 
....................       } 
....................    } 
....................  
....................    return(result); 
0AAE:  MOVF   53,W
0AAF:  MOVWF  77
0AB0:  MOVF   54,W
0AB1:  MOVWF  78
0AB2:  MOVF   55,W
0AB3:  MOVWF  79
0AB4:  MOVF   56,W
0AB5:  MOVWF  7A
0AB6:  MOVLB  00
0AB7:  RETURN
.................... } 
....................  
.................... #if defined(__PCD__) 
.................... float48 strtof48(char *s, char **endptr) 
.................... { 
....................    float48 pow10 = 1.0; 
....................    float48 result = 0.0; 
....................    int1 skip = 1, sign = 0, point = 0; 
....................    char c; 
....................    unsigned int8 ptr = 0; 
....................  
....................    if (!s) 
....................       return 0; 
....................  
....................    for(c=s[ptr++]; c!=0; c=s[ptr++]) 
....................    { 
....................       if (skip && !isspace(c)) 
....................       { 
....................          skip = 0; 
....................          if (c == '+') 
....................          { 
....................             sign = 0; 
....................             continue; 
....................          }             
....................          else if (c == '-') 
....................          { 
....................             sign = 1; 
....................             continue; 
....................          } 
....................       } 
....................       if (!skip && (c == '.') && !point) 
....................          point = 1; 
....................       else if (!skip && isdigit(c)) 
....................       { 
....................          c -= '0'; 
....................          if (point) 
....................          { 
....................             pow10 = pow10 * 10.0; 
....................             result += (float48)c / pow10;    
....................          } 
....................          else 
....................          { 
....................             result = 10.0 * result + (float48)c; 
....................          } 
....................       } 
....................       else if (!skip) 
....................          break; 
....................    } 
....................  
....................    if (sign) 
....................       result = -1*result; 
....................        
....................    if(endptr) 
....................    { 
....................       if (ptr) { 
....................          ptr--; 
....................        #IF LONG_POINTERS  
....................          *((int16 *)endptr)= s+ptr;  
....................        #ELSE 
....................          *((char *)endptr)=s+ptr; 
....................        #ENDIF 
....................       } 
....................       else 
....................       { 
....................       #IF LONG_POINTERS 
....................       *((int16 *)endptr)= s;  
....................       #ELSE 
....................       *((char *)endptr)=s; 
....................       #ENDIF 
....................       } 
....................    } 
....................  
....................    return(result); 
.................... } 
....................  
.................... float64 strtod(char *s, char **endptr) 
.................... { 
....................    float64 pow10 = 1.0; 
....................    float64 result = 0.0; 
....................    int1 skip = 1, sign = 0, point = 0; 
....................    char c; 
....................    unsigned int8 ptr = 0; 
....................  
....................    if (!s) 
....................       return 0; 
....................  
....................    for(c=s[ptr++]; c!=0; c=s[ptr++]) 
....................    { 
....................       if (skip && !isspace(c)) 
....................       { 
....................          skip = 0; 
....................          if (c == '+') 
....................          { 
....................             sign = 0; 
....................             continue; 
....................          }             
....................          else if (c == '-') 
....................          { 
....................             sign = 1; 
....................             continue; 
....................          } 
....................       } 
....................       if (!skip && (c == '.') && !point) 
....................          point = 1; 
....................       else if (!skip && isdigit(c)) 
....................       { 
....................          c -= '0'; 
....................          if (point) 
....................          { 
....................             pow10 = pow10 * 10.0; 
....................             result += (float64)c / pow10;    
....................          } 
....................          else 
....................          { 
....................             result = 10.0 * result + (float64)c; 
....................          } 
....................       } 
....................       else if (!skip) 
....................          break; 
....................    } 
....................  
....................    if (sign) 
....................       result = -1*result; 
....................        
....................    if(endptr) 
....................    { 
....................       if (ptr) { 
....................          ptr--; 
....................        #IF LONG_POINTERS  
....................          *((int16 *)endptr)= s+ptr;  
....................        #ELSE 
....................          *((char *)endptr)=s+ptr; 
....................        #ENDIF 
....................       } 
....................       else 
....................       { 
....................       #IF LONG_POINTERS 
....................       *((int16 *)endptr)= s;  
....................       #ELSE 
....................       *((char *)endptr)=s; 
....................       #ENDIF 
....................       } 
....................    } 
....................  
....................    return(result); 
.................... } 
.................... #endif 
....................  
.................... unsigned long strtoul(char *s, char *endptr, signed int base) 
.................... { 
....................    char *sc,*s1,*sd; 
....................    unsigned long x=0; 
....................    char sign; 
....................    char digits[]="0123456789abcdefghijklmnopqstuvwxyz"; 
....................    for(sc=s;isspace(*sc);++sc); 
....................    sign=*sc=='-'||*sc=='+'?*sc++:'+'; 
....................    if(sign=='-' || base <0 || base ==1|| base >36) // invalid base 
....................    goto StrtoulGO; 
....................  
....................    else if (base) 
....................    { 
....................       if(base==16 && *sc =='0'&&(sc[1]=='x' || sc[1]=='X')) 
....................          sc+=2; 
....................       if(base==8 && *sc =='0') 
....................          sc+=1; 
....................       if(base==2 && *sc =='0'&&sc[1]=='b') 
....................          sc+=2; 
....................  
....................    } 
....................    else if(*sc!='0') // base is 0, find base 
....................       base=10; 
....................    else if (sc[1]=='x' || sc[1]=='X') 
....................       base =16,sc+=2; 
....................    else if(sc[1]=='b') 
....................       base=2,sc+=2; 
....................    else 
....................       base=8; 
....................    for (s1=sc;*sc=='0';++sc);// skip leading zeroes 
....................    sd=memchr(digits,tolower(*sc),base); 
....................    for(; sd!=0; ) 
....................    { 
....................       x=x*base+(int16)(sd-digits); 
....................       ++sc; 
....................       sd=memchr(digits,tolower(*sc),base); 
....................    } 
....................    if(s1==sc) 
....................    { 
....................    StrtoulGO: 
....................       if (endptr) 
....................       { 
....................          #IF LONG_POINTERS 
....................          *((int16 *)endptr)= s;  
....................          #ELSE 
....................          *((char *)endptr)=s; 
....................          #ENDIF 
....................          } 
....................    return 0; 
....................    } 
....................    if (endptr) 
....................    { 
....................          #IF LONG_POINTERS 
....................          *((int16 *)endptr)= sc;  
....................          #ELSE 
....................          *((char *)endptr)=sc;  
....................          #ENDIF 
....................    } 
....................    return x; 
.................... } 
....................  
....................  
.................... signed long strtol(char *s,char *endptr, signed int base) 
.................... { 
....................    char *sc,*s1,*sd; 
....................    signed long x=0; 
....................    char sign; 
....................    char digits[]="0123456789abcdefghijklmnopqstuvwxyz"; 
....................    for(sc=s;isspace(*sc);++sc); 
....................    sign=*sc=='-'||*sc=='+'?*sc++:'+'; 
....................    if (base <0 || base ==1|| base >36) // invalid base 
....................    goto StrtolGO; 
....................    else if (base) 
....................    { 
....................       if(base==16 && *sc =='0'&&(sc[1]=='x' || sc[1]=='X')) 
....................          sc+=2; 
....................       if(base==8 && *sc =='0') 
....................          sc+=1; 
....................       if(base==2 && *sc =='0'&&sc[1]=='b') 
....................          sc+=2; 
....................  
....................    } 
....................    else if(*sc!='0') // base is 0, find base 
....................       base=10; 
....................    else if (sc[1]=='x' || sc[1]=='X') 
....................       base =16,sc+=2; 
....................    else if(sc[1]=='b') 
....................       base=2,sc+=2; 
....................    else 
....................       base=8; 
....................    for (s1=sc;*sc=='0';++sc);// skip leading zeroes 
....................  
....................    sd=memchr(digits,tolower(*sc),base); 
....................    for(;sd!=0;) 
....................    { 
....................       x=x*base+(int16)(sd-digits); 
....................       ++sc; 
....................       sd=memchr(digits,tolower(*sc),base); 
....................    } 
....................    if(s1==sc) 
....................    { 
....................    StrtolGO: 
....................       if (endptr) 
....................       { 
....................          #IF LONG_POINTERS 
....................          *((int16 *)endptr)= s;  
....................          #ELSE 
....................          *((char *)endptr)=s; 
....................          #ENDIF 
....................       } 
....................    return 0; 
....................    } 
....................    if(sign=='-') 
....................       x  =-x; 
....................    if (endptr) 
....................    { 
....................         #IF LONG_POINTERS 
....................          *((int16 *)endptr)= sc;  
....................         #ELSE 
....................         *((char *)endptr)=sc; 
....................         #ENDIF 
....................    } 
....................    return x; 
.................... } 
....................  
.................... signed int8 system(char *string) 
.................... { 
....................    return 0; 
.................... } 
....................  
.................... size_t mblen(char *s,size_t n) 
.................... { 
....................    return strlen(s); 
.................... } 
....................  
.................... int8 mbtowc(wchar_t *pwc,char *s,size_t n) 
.................... { 
....................    *pwc=*s; 
....................    return 1; 
.................... } 
....................  
.................... int8 wctomb(char *s,wchar_t wchar) 
.................... { 
....................    *s=wchar; 
....................    return 1; 
.................... } 
....................  
.................... size_t mbstowcs(wchar_t *pwcs,char *s,size_t n) 
.................... { 
....................    strncpy(pwcs,s,n); 
....................    return strlen(pwcs); 
.................... } 
....................  
.................... size_t wcstombs(char *s,wchar_t *pwcs,size_t n) 
.................... { 
....................    strncpy(s,pwcs,n); 
....................    return strlen(s); 
.................... } 
....................  
.................... //--------------------------------------------------------------------------- 
.................... // The random number implementation 
.................... //--------------------------------------------------------------------------- 
....................  
.................... unsigned int32 _Randseed; 
....................  
.................... unsigned int16 rand(void) 
.................... { 
....................    _Randseed = _Randseed * 1103515245 + 12345; 
....................    return ((unsigned int16)(_Randseed >> 16) % RAND_MAX); 
.................... } 
....................  
.................... void srand(unsigned int32 seed) 
.................... { 
....................    _Randseed = seed; 
.................... } 
....................  
.................... //--------------------------------------------------------------------------- 
.................... // Searching and sorting utilities implementation 
.................... //--------------------------------------------------------------------------- 
....................  
.................... #if !defined(__PCD__) 
.................... typedef signed int8 (*_Cmpfun)(char * p1,char * p2);  
.................... #else  
.................... typedef signed int16 (*_Cmpfun)(char * p1,char * p2);  
.................... #endif 
....................  
....................  
....................  
.................... void qsort(char * qdata, unsigned int qitems, unsigned int qsize, _Cmpfun cmp) { 
....................    unsigned int m,j,i,l; 
....................    int1 done; 
....................    unsigned int8 t[16]; 
....................  
....................    m = qitems/2; 
....................    while( m > 0 ) { 
....................      for(j=0; j<(qitems-m); ++j) { 
....................         i = j; 
....................         do 
....................         { 
....................            done=1; 
....................            l = i+m; 
....................            if( (*cmp)(qdata+i*qsize, qdata+l*qsize) > 0 ) { 
....................               memcpy(t, qdata+i*qsize, qsize); 
....................               memcpy(qdata+i*qsize, qdata+l*qsize, qsize); 
....................               memcpy(qdata+l*qsize, t, qsize); 
....................               if(m <= i) 
....................                 i -= m; 
....................                 done = 0; 
....................            } 
....................         } while(!done); 
....................      } 
....................      m = m/2; 
....................    } 
.................... } 
....................  
....................  
.................... char *bsearch(char *key, char *base, size_t num, size_t width,_Cmpfun cmp) 
.................... { 
....................    char *p, *q; 
....................    size_t n; 
....................    size_t pivot; 
....................    signed int val; 
....................  
....................    p = base; 
....................    n = num; 
....................  
....................    while (n > 0) 
....................    { 
....................       pivot = n >> 1; 
....................       q = p + width * pivot; 
....................  
....................       val = (*cmp)(key, q); 
....................  
....................       if (val < 0) 
....................          n = pivot; 
....................       else if (val == 0) 
....................          return ((char *)q); 
....................       else { 
....................          p = q + width; 
....................          n -= pivot + 1; 
....................       } 
....................    } 
....................  
....................    return NULL;      // There's no match 
.................... } 
....................  
....................  
.................... #endif 
....................  
.................... #include <stdio.h> 
.................... /////////////////////////////////////////////////////////////////////////// 
.................... ////        (C) Copyright 1996,2003 Custom Computer Services           //// 
.................... //// This source code may only be used by licensed users of the CCS C  //// 
.................... //// compiler.  This source code may only be distributed to other      //// 
.................... //// licensed users of the CCS C compiler.  No other use, reproduction //// 
.................... //// or distribution is permitted without written permission.          //// 
.................... //// Derivative programs created using this software in object code    //// 
.................... //// form are not restricted in any way.                               //// 
.................... /////////////////////////////////////////////////////////////////////////// 
....................  
.................... #ifndef _STDIO 
.................... #define _STDIO 
.................... #include <string.h> 
.................... //////////////////////////////////////////////////////////////////////////// 
.................... ////        (C) Copyright 1996,2008 Custom Computer Services            //// 
.................... //// This source code may only be used by licensed users of the CCS C   //// 
.................... //// compiler.  This source code may only be distributed to other       //// 
.................... //// licensed users of the CCS C compiler.  No other use, reproduction  //// 
.................... //// or distribution is permitted without written permission.           //// 
.................... //// Derivative programs created using this software in object code     //// 
.................... //// form are not restricted in any way.                                //// 
.................... //////////////////////////////////////////////////////////////////////////// 
....................  
.................... #ifndef _STRING 
.................... #define _STRING 
.................... #include <stddef.h> 
.................... #include <ctype.h> 
....................  
....................  
....................  
.................... ////////////////////////////////////////////// 
.................... //// Uncomment the following define to    //// 
.................... //// allow some functions to use a        //// 
.................... //// quicker algorithm, but use more ROM  //// 
.................... ////                                      //// 
.................... //// #define FASTER_BUT_MORE_ROM          //// 
.................... ////////////////////////////////////////////// 
....................  
....................  
....................  
.................... /*Copying functions*/ 
.................... /* standard template: 
....................    void *memmove(void *s1, void *s2, size_t n). 
....................    Copies max of n characters safely (not following ending '\0') 
....................    from s2 in s1; if s2 has less than n characters, appends 0 */ 
....................  
.................... unsigned char *memmove(void *s1,void *s2,size_t n) 
.................... { 
....................    unsigned char *sc1; 
....................    unsigned char *sc2; 
....................    sc1=s1; 
....................    sc2=s2; 
....................    if(sc2<sc1 && sc1 <sc2 +n) 
....................       for(sc1+=n,sc2+=n;0<n;--n) 
....................          *--sc1=*--sc2; 
....................    else 
....................       for(;0<n;--n) 
....................          *sc1++=*sc2++; 
....................   return s1; 
....................   } 
....................  
.................... /* Standard template: char *strcpy(char *s1, const char *s2) 
....................    copies the string s2 including the null character to s1. 
....................    This is a compiler built in to handle the different address 
....................    spaces */ 
....................  
.................... #define strcopy strcpy 
....................  
.................... /* standard template: 
....................    char *strncpy(char *s1, const char *s2, size_t n). 
....................    Copies max of n characters (not following ending '\0') 
....................    from s2 in s1; if s2 has less than n characters, appends 0 */ 
....................  
.................... unsigned char *strncpy(unsigned char *s1, unsigned char *s2, size_t n) 
.................... { 
....................   unsigned char *s; 
....................  
....................   for (s = s1; n > 0 && *s2 != '\0'; n--) 
....................      *s++ = *s2++; 
....................   for (; n > 0; n--) 
....................      *s++ = '\0'; 
....................  
....................   return(s1); 
.................... } 
.................... /***********************************************************/ 
....................  
.................... /*concatenation functions*/ 
.................... /* standard template: char *strcat(char *s1, const char *s2) 
.................... appends s2 to s1*/ 
....................  
.................... unsigned char *strcat(unsigned char *s1, unsigned char *s2) 
.................... { 
....................    unsigned char *s; 
....................  
....................    for (s = s1; *s != '\0'; ++s); 
....................    while(*s2 != '\0') 
....................    { 
....................       *s = *s2; 
....................       ++s; 
....................       ++s2; 
....................    } 
....................  
....................    *s = '\0'; 
....................    return(s1); 
.................... } 
.................... /* standard template: char *strncat(char *s1, char *s2,size_t n) 
.................... appends not more than n characters from s2 to s1*/ 
....................  
.................... unsigned char *strncat(unsigned char *s1, unsigned char *s2, size_t n) 
.................... { 
....................    unsigned char *s; 
....................  
....................    for (s = s1; *s != '\0'; ++s); 
....................    while(*s2 != '\0' && 0<n) 
....................    { 
....................       *s = *s2; 
....................       ++s; 
....................       ++s2; 
....................       --n; 
....................    } 
....................  
....................    *s = '\0'; 
....................    return(s1); 
.................... } 
....................  
.................... /***********************************************************/ 
....................  
....................  
.................... /*comparison functions*/ 
.................... /* standard template: signed int memcmp(void *s1, void *s2). 
....................    Compares s1 & s2; returns -1 if s1<s2, 0 if s1=s2, 1 if s1>s2 */ 
....................  
.................... signed int8 memcmp(void * s1,void *s2,size_t n) 
.................... { 
.................... unsigned char *su1, *su2; 
.................... for(su1=s1, su2=s2; 0<n; ++su1, ++su2, --n) 
.................... { 
....................    if(*su1!=*su2) 
....................       return ((*su1<*su2)?-1:1); 
.................... } 
.................... return 0; 
.................... } 
....................  
.................... /* standard template: int strcmp(const char *s1, const char *s2). 
....................    Compares s1 & s2; returns -1 if s1<s2, 0 if s1=s2, 1 if s1>s2 */ 
....................  
.................... signed int8 strcmp(unsigned char *s1, unsigned char *s2) 
.................... { 
....................    for (; *s1 == *s2; s1++, s2++) 
....................       if (*s1 == '\0') 
....................          return(0); 
....................    return((*s1 < *s2) ? -1: 1); 
.................... } 
.................... /* standard template: int strcoll(const char *s1, const char *s2). 
....................    Compares s1 & s2; returns -1 if s1<s2, 0 if s1=s2, 1 if s1>s2 */ 
....................  
.................... signed int8 strcoll(unsigned char *s1, unsigned char *s2) 
.................... { 
....................    for (; *s1 == *s2; s1++, s2++) 
....................       if (*s1 == '\0') 
....................          return(0); 
....................    return((*s1 < *s2) ? -1: 1); 
.................... } 
....................  
.................... /* standard template: 
....................    int strncmp(const char *s1, const char *s2, size_t n). 
....................    Compares max of n characters (not following 0) from s1 to s2; 
....................    returns same as strcmp */ 
....................  
.................... signed int8 strncmp(unsigned char *s1, unsigned char *s2, size_t n) 
.................... { 
....................    for (; n > 0; s1++, s2++, n--) 
....................       if (*s1 != *s2) 
....................          return((*s1 <*s2) ? -1: 1); 
....................       else if (*s1 == '\0') 
....................          return(0); 
....................    return(0); 
.................... } 
.................... /* standard template: 
....................    int strxfrm(const char *s1, const char *s2, size_t n). 
....................    transforms maximum of n characters from s2 and places them into s1, returns number of chars written ot s1. 
....................    if s1 is NULL and n is 0, then it returns the length of s2.*/ 
.................... size_t strxfrm(unsigned char *s1, unsigned char *s2, size_t n) 
.................... { 
....................    unsigned char c; 
....................    unsigned int8 n1; 
....................     
....................    if (!s1 && !n) 
....................       n = -1; //find length 
....................  
....................    n1 = 0; 
....................     
....................    for (; n1 < n; n1++) 
....................    { 
....................       c = *s2++; 
....................       if (!c) 
....................          break; 
....................       if (s1) 
....................          *s1++ = c; 
....................    } 
....................  
....................   return(n1); 
.................... } 
....................  
....................  
....................  
....................  
....................  
.................... /***********************************************************/ 
.................... /*Search functions*/ 
.................... /* standard template: void *memchr(const char *s, int c). 
....................    Finds first occurrence of c in n characters of s */ 
....................  
.................... unsigned char *memchr(void *s,unsigned int8 c,size_t n) 
.................... { 
....................    unsigned char uc; 
....................    unsigned char *su; 
....................    uc=c; 
....................    for(su=s;0<n;++su,--n) 
....................       if(*su==uc) 
....................       return su; 
....................    return NULL; 
.................... } 
....................  
.................... /* standard template: char *strchr(const char *s, int c). 
....................    Finds first occurrence of c in s */ 
....................  
.................... unsigned char *strchr(unsigned char *s, unsigned int8 c) 
.................... { 
....................    for (; *s != c; s++) 
....................       if (*s == '\0') 
....................          return(0); 
....................    return(s); 
.................... } 
.................... /* standard template: 
....................    size_t strcspn(const char *s1, const char *s2). 
....................    Computes length of max initial segment of s1 that 
....................    consists entirely of characters NOT from s2*/ 
....................  
.................... unsigned int8  strcspn(unsigned char *s1, unsigned char *s2) 
.................... { 
....................    unsigned char *sc1, *sc2; 
....................  
....................    for (sc1 = s1; *sc1 != 0; sc1++) 
....................       for (sc2 = s2; *sc2 != 0; sc2++) 
....................          if (*sc1 == *sc2) 
....................             return(sc1 - s1); 
....................    return(sc1 - s1); 
.................... } 
.................... /* standard template: 
....................    char *strpbrk(const char *s1, const char *s2). 
....................    Locates first occurence of any character from s2 in s1; 
....................    returns s1 if s2 is empty string */ 
....................  
.................... unsigned char *strpbrk(unsigned char *s1, unsigned char *s2) 
.................... { 
....................    unsigned char *sc1, *sc2; 
....................  
....................    for (sc1 = s1; *sc1 != 0; sc1++) 
....................       for (sc2 = s2; *sc2 != 0; sc2++) 
....................          if (*sc1 == *sc2) 
....................             return(sc1); 
....................    return(0); 
.................... } 
....................  
....................  
.................... /* standard template: char *strrchr(const char *s, int c). 
....................    Finds last occurrence of c in s */ 
....................  
.................... unsigned char *strrchr(unsigned char *s, unsigned int8 c) 
.................... { 
....................    unsigned char *p; 
....................  
....................    for (p = 0; ; s++) 
....................    { 
....................       if (*s == c) 
....................          p = s; 
....................       if (*s == '\0') 
....................          return(p); 
....................    } 
.................... } 
.................... /* computes length of max initial segment of s1 consisting 
....................    entirely of characters from s2 */ 
....................  
.................... unsigned int8  strspn(unsigned char *s1, unsigned char *s2) 
.................... { 
....................    unsigned char *sc1, *sc2; 
....................  
....................    for (sc1 = s1; *sc1 != 0; sc1++) 
....................       for (sc2 = s2; ; sc2++) 
....................     if (*sc2 == '\0') 
....................        return(sc1 - s1); 
....................          else if (*sc1 == *sc2) 
....................             break; 
....................    return(sc1 - s1); 
.................... } 
.................... /* standard template: 
....................    char *strstr(const char *s1, const char *s2); 
....................    Locates first occurence of character sequence s2 in s1; 
....................    returns 0 if s2 is empty string 
....................  
....................    Uncomment #define FASTER_BUT_MORE_ROM at the top of the 
....................    file to use the faster algorithm */ 
.................... unsigned char *strstr(unsigned char *s1, unsigned char *s2) 
.................... { 
....................    unsigned char *s, *t; 
....................  
....................    #ifdef FASTER_BUT_MORE_ROM 
....................    if (*s2 == '\0') 
....................          return(s1); 
....................    #endif 
....................  
....................    while (*s1) 
....................    { 
....................       for(s = s1, t = s2; *t && (*s == *t); ++s, ++t); 
....................  
....................       if (*t == '\0') 
....................          return s1; 
....................       ++s1; 
....................       #ifdef FASTER_BUT_MORE_ROM 
....................          while(*s1 != '\0' && *s1 != *s2) 
....................             ++s1; 
....................       #endif 
....................    } 
....................    return 0; 
.................... } 
....................  
.................... /* standard template: size_t strlen(const char *s). 
....................    Computes length of s1 (preceding terminating 0) */ 
....................  
.................... size_t strlen(unsigned char *s) 
.................... { 
....................    unsigned char *sc; 
....................  
....................    for (sc = s; *sc != 0; sc++); 
....................    return(sc - s); 
.................... } 
....................  
.................... /* standard template: char *strtok(char *s1, const char *s2). 
....................  
....................    Finds next token in s1 delimited by a character from separator 
....................    string s2 (which can be different from call to call).  First call 
....................    starts at beginning of s1 searching for first character NOT 
....................    contained in s2; returns 0 if none is found. 
....................    If one is found, it is the start of first token (return value). 
....................    Function then searches from there for a character contained in s2. 
....................    If none is found, current token extends to end of s1, and subsequent 
....................    searches for a token will return 0.  If one is found, it is 
....................    overwritten by '\0', which terminates current token.  Function saves 
....................    pointer to following character from which next search will start. 
....................    Each subsequent call, with 0 as first argument, starts searching 
....................    from saved pointer */ 
....................  
.................... unsigned char *strtok(unsigned char *s1, unsigned char *s2) 
.................... { 
....................    unsigned char *beg, *end; 
....................    static char *save; 
....................  
....................    beg = (s1)? s1: save; 
....................    beg += strspn(beg, s2); 
....................    if (*beg == '\0') 
....................       return(0); 
....................        
....................    end = strpbrk(beg, s2); 
....................    if (end != '\0') 
....................    { 
....................       *end = '\0'; 
....................       end++; 
....................       save = end; 
....................    } 
....................    else 
....................       save = beg + strlen(beg); 
....................     
....................    return(beg); 
.................... } 
....................  
.................... /*****************************************************************/ 
.................... /*Miscellaneous functions*/ 
.................... /* standard template 
.................... maps error number in errnum to an error message string 
.................... Returns: Pointer to string 
.................... */ 
.................... #ifdef _ERRNO 
.................... unsigned char * strerror(unsigned int8 errnum) 
.................... { 
.................... static unsigned char s[13]; 
.................... switch( errnum) 
.................... { 
.................... case 0: 
....................    strcpy(s,"no errors"); 
....................    return s; 
.................... case EDOM : 
....................    strcpy(s,"domain error"); 
....................    return s; 
.................... case ERANGE: 
....................    strcpy(s,"range error"); 
....................    return s; 
.................... } 
.................... } 
.................... #ENDIF 
....................  
.................... /* standard template: size_t stricmp(const char *s1, const char *s2). 
....................    Compares s1 to s2 ignoring case (upper vs. lower) */ 
....................  
.................... signed int8 stricmp(unsigned char *s1, unsigned char *s2) 
.................... { 
....................  for(; *s1==*s2||(isalpha(*s1)&&isalpha(*s2)&&(*s1==*s2+32||*s2==*s1+32)); 
....................     s1++, s2++) 
....................     if (*s1 == '\0') 
....................        return(0); 
....................  return((*s1 < *s2) ? -1: 1); 
.................... } 
....................  
....................  
.................... /* standard template: char *strlwr(char *s). 
....................    Replaces uppercase letters by lowercase; 
....................    returns pointer to new string s */ 
....................  
.................... unsigned char *strlwr(unsigned char *s) 
.................... { 
....................    unsigned char *p; 
....................  
....................    for (p = s; *p != '\0'; p++) 
....................       if (*p >= 'A' && *p <='Z') 
....................          *p += 'a' - 'A'; 
....................    return(s); 
.................... } 
....................  
.................... /* standard template: char *strupr(char *s). 
....................    Replaces lowercase letters by upercase; 
....................    returns pointer to new string s */ 
....................  
.................... unsigned char *strupr(unsigned char *s) 
.................... { 
....................    unsigned char *p; 
....................  
....................    for (p = s; *p != '\0'; p++) 
....................       if (*p >= 'a' && *p <='z') 
....................          *p -= 'a' - 'A'; 
....................    return(s); 
.................... } 
....................  
....................  
.................... /************************************************************/ 
....................  
....................  
.................... #endif 
....................  
.................... #ifndef getc 
.................... #define getc getch 
.................... #define getchar getch 
.................... #define puts(s) {printf(s); putchar(13); putchar(10);} 
.................... #define putc putchar 
.................... #endif 
.................... /* maps error number to an error message. Writes a sequence of characters to 
.................... stderr stream thus: if s is not null then string pointed to by s follwed by 
.................... a colon (:) and a space and the appropriate error message returned by strerror 
.................... function with argument errno 
....................  
.................... Returns: no value 
.................... */ 
....................  
.................... #ifdef _ERRNO 
.................... void perror(char *s) 
.................... { 
....................   if(s) 
....................   fprintf(STDERR,"%s: ",s); 
....................   fprintf(STDERR,"%s\r\n",strerror(errno)); 
.................... } 
.................... #endif 
.................... #endif 
....................  
.................... #include <math.h>  
.................... //////////////////////////////////////////////////////////////////////////// 
.................... ////        (C) Copyright 1996,2011 Custom Computer Services            //// 
.................... //// This source code may only be used by licensed users of the CCS C   //// 
.................... //// compiler.  This source code may only be distributed to other       //// 
.................... //// licensed users of the CCS C compiler.  No other use, reproduction  //// 
.................... //// or distribution is permitted without written permission.           //// 
.................... //// Derivative programs created using this software in object code     //// 
.................... //// form are not restricted in any way.                                //// 
.................... //////////////////////////////////////////////////////////////////////////// 
.................... ////                                                                    //// 
.................... //// History:                                                           //// 
.................... ////  * 9/20/2001 :  Improvments are made to sin/cos code.              //// 
.................... ////                 The code now is small, much faster,                //// 
.................... ////                 and more accurate.                                 //// 
.................... ////  * 2/21/2007 :  Compiler handles & operator differently and does   //// 
.................... ////                 not return generic (int8 *) so type cast is done   //// 
.................... ////  * 6/19/2010 :  Divisions by constants converted to multiplication //// 
.................... ////                 by its inverse to improve computation speed        //// 
.................... ////  * 1/21/2011 :  Constants used for double precision math updated   //// 
.................... ////                 Updated routines include 64 bit versions of cos,   //// 
.................... ////                 asin,atan,exp,log and dependant functions          //// 
.................... ////  * 1/31/2011 :  Optimized current 32-bit float routines for cos    //// 
.................... ////                 and log function                                   //// 
.................... ////  * 6/13/2011 :  Fixed PCD overload CEIL_FLOOR functions for values //// 
.................... ////                 greater then 10000000 and less then -10000000      //// 
.................... ////                                                                    //// 
.................... //////////////////////////////////////////////////////////////////////////// 
....................  
.................... #ifndef MATH_H 
.................... #define MATH_H 
....................  
.................... #ifdef PI 
.................... #undef  PI 
.................... #endif 
.................... #define PI     3.1415926535897932 
....................  
....................  
.................... #define SQRT2  1.4142135623730950 
....................  
.................... //float const ps[4] = {5.9304945, 21.125224, 8.9403076, 0.29730279}; 
.................... //float const qs[4] = {1.0000000, 15.035723, 17.764134, 2.4934718}; 
....................  
.................... ///////////////////////////// Round Functions ////////////////////////////// 
....................  
.................... float32 CEIL_FLOOR(float32 x, unsigned int8 n) 
.................... { 
....................    float32 y, res; 
....................    unsigned int16 l; 
....................    int1 s; 
....................  
....................    s = 0; 
....................    y = x; 
....................  
....................    if (x < 0) 
....................    { 
....................       s = 1; 
....................       y = -y; 
....................    } 
....................  
....................    if (y <= 32768.0) 
....................       res = (float32)(unsigned int16)y; 
....................  
....................  else if (y < 10000000.0) 
....................    {  
....................       l = (unsigned int16)(y*0.000030517578125); 
....................       y = 32768.0*(y*0.000030517578125 - (float32)l); 
....................       res = 32768.0*(float32)l; 
....................       res += (float32)(unsigned int16)y; 
....................    } 
....................  
....................  else 
....................   res = y; 
....................  
....................  y = y - (float32)(unsigned int16)y; 
....................  
....................  if (s) 
....................   res = -res; 
....................  
....................  if (y != 0) 
....................  { 
....................   if (s == 1 && n == 0) 
....................    res -= 1.0; 
....................  
....................   if (s == 0 && n == 1) 
....................    res += 1.0; 
....................  } 
....................  if (x == 0) 
....................     res = 0; 
....................  
....................  return (res); 
.................... } 
....................  
.................... // Overloaded Functions to take care for new Data types in PCD 
.................... // Overloaded function CEIL_FLOOR() for data type - Float48 
.................... #if defined(__PCD__) 
.................... float48 CEIL_FLOOR(float48 x, unsigned int8 n) 
.................... { 
....................    float48 y, res; 
....................    unsigned int32 l; 
....................    int1 s; 
....................  
....................    s = 0; 
....................    y = x; 
....................  
....................    if (x < 0) 
....................    { 
....................       s = 1; 
....................       y = -y; 
....................    } 
....................  
....................    if (y <= 32768.0) 
....................       res = (float48)(unsigned int16)y; 
....................  
....................    else if (y < 549755813888.0) 
....................    { 
....................       l = (unsigned int32)(y*0.000030517578125); 
....................       y = 32768.0*(y*0.000030517578125 - (float48)l); 
....................       res = 32768.0*(float48)l; 
....................       res += (float48)(unsigned int16)y; 
....................    } 
....................    else 
....................    {   
....................       res = y; 
....................       y = 0.0; 
....................    } 
....................     
....................    if(y != 0) 
....................       y = y - (float48)(unsigned int16)y; 
....................  
....................    if (s) 
....................       res = -res; 
....................  
....................    if (y != 0) 
....................    { 
....................       if (s == 1 && n == 0) 
....................          res -= 1.0; 
....................  
....................       if (s == 0 && n == 1) 
....................          res += 1.0; 
....................    } 
....................    if (x == 0) 
....................       res = 0; 
....................  
....................    return (res); 
.................... } 
....................  
....................  
.................... // Overloaded function CEIL_FLOOR() for data type - Float64 
.................... float64 CEIL_FLOOR(float64 x, unsigned int8 n) 
.................... { 
....................    float64 y, res; 
....................    int64 l; 
....................    int1 s; 
....................  
....................    s = 0; 
....................    y = x; 
....................  
....................    if (x < 0) 
....................    { 
....................       s = 1; 
....................       y = -y; 
....................    } 
....................  
....................    if (y <= 32768.0) 
....................       res = (float64)(unsigned int16)y; 
....................    else if (y < 4503599627370496.0) 
....................    { 
....................       l = (int64)(y*0.000030517578125); 
....................       y = 32768.0*(y*0.000030517578125 - (float64)l); 
....................       res = 32768.0*(float64)l; 
....................       res += (float64)(unsigned int16)y; 
....................    } 
....................    else 
....................    { 
....................       res = y; 
....................       y = 0.0; 
....................    } 
....................     
....................    if(y != 0) 
....................       y = y - (float64)(unsigned int16)y; 
....................  
....................    if (s) 
....................       res = -res; 
....................  
....................    if (y != 0) 
....................    { 
....................       if (s == 1 && n == 0) 
....................          res -= 1.0; 
....................  
....................       if (s == 0 && n == 1) 
....................          res += 1.0; 
....................    } 
....................     
....................    if (x == 0) 
....................       res = 0; 
....................  
....................    return (res); 
.................... } 
.................... #endif 
....................  
.................... //////////////////////////////////////////////////////////////////////////// 
.................... //   float floor(float x) 
.................... //////////////////////////////////////////////////////////////////////////// 
.................... // Description : rounds down the number x. 
.................... // Date : N/A 
.................... // 
.................... float32 floor(float32 x) 
.................... { 
....................    return CEIL_FLOOR(x,0); 
.................... } 
.................... // Following 2 functions are overloaded functions of floor() for PCD 
.................... // Overloaded function floor() for data type - Float48 
.................... #if defined(__PCD__) 
.................... float48 floor(float48 x) 
.................... { 
....................    return CEIL_FLOOR(x, 0); 
.................... } 
....................  
.................... // Overloaded function floor() for data type - Float64 
.................... float64 floor(float64 x) 
.................... { 
....................    return CEIL_FLOOR(x, 0); 
.................... } 
.................... #endif 
....................  
....................  
.................... //////////////////////////////////////////////////////////////////////////// 
.................... //   float ceil(float x) 
.................... //////////////////////////////////////////////////////////////////////////// 
.................... // Description : rounds up the number x. 
.................... // Date : N/A 
.................... // 
.................... float32 ceil(float32 x) 
.................... { 
....................    return CEIL_FLOOR(x, 1); 
.................... } 
.................... // Following 2 functions are overloaded functions of ceil() for PCD 
.................... // Overloaded function ceil() for data type - Float48 
.................... #if defined(__PCD__) 
.................... float48 ceil(float48 x) 
.................... { 
....................    return CEIL_FLOOR(x, 1); 
.................... } 
....................  
.................... // Overloaded function ceil() for data type - Float64 
.................... float64 ceil(float64 x) 
.................... { 
....................    return CEIL_FLOOR(x, 1); 
.................... } 
.................... #endif 
....................  
....................  //////////////////////////////////////////////////////////////////////////// 
.................... //   float fabs(float x) 
.................... //////////////////////////////////////////////////////////////////////////// 
.................... // Description : Computes the absolute value of floating point number x 
.................... // Returns : returns the absolute value of x 
.................... // Date : N/A 
.................... // 
.................... #define fabs abs 
....................  
.................... //////////////////////////////////////////////////////////////////////////// 
.................... //   float fmod(float x) 
.................... //////////////////////////////////////////////////////////////////////////// 
.................... // Description : Computes the floating point remainder of x/y 
.................... // Returns : returns the value of x= i*y, for some integer i such that, if y 
.................... // is non zero, the result has the same isgn of x na dmagnitude less than the 
.................... // magnitude of y. If y is zero then a domain error occurs. 
.................... // Date : N/A 
.................... // 
....................  
.................... float fmod(float32 x,float32 y) 
.................... { 
....................    float32 i; 
....................    if (y!=0.0) 
....................    { 
....................       i=(x/y < 0.0)? ceil(x/y): floor(x/y); 
....................       return(x-(i*y)); 
....................    } 
....................    else 
....................    { 
....................    #ifdef _ERRNO 
....................    { 
....................       errno=EDOM; 
....................    } 
....................    #endif 
....................    } 
.................... } 
.................... //Overloaded function for fmod() for PCD 
.................... // Overloaded function fmod() for data type - Float48 
.................... #if defined(__PCD__) 
.................... float48 fmod(float48 x,float48 y) 
.................... { 
....................    float48 i; 
....................    if (y!=0.0) 
....................    { 
....................       i=(x/y < 0.0)? ceil(x/y): floor(x/y); 
....................       return(x-(i*y)); 
....................    } 
....................    else 
....................    { 
....................    #ifdef _ERRNO 
....................    { 
....................       errno=EDOM; 
....................    } 
....................    #endif 
....................    } 
.................... } 
.................... // Overloaded function fmod() for data type - Float64 
.................... float64 fmod(float64 x,float64 y) 
.................... { 
....................    float64 i; 
....................    if (y!=0.0) 
....................    { 
....................       i=(x/y < 0.0)? ceil(x/y): floor(x/y); 
....................       return(x-(i*y)); 
....................    } 
....................    else 
....................    { 
....................    #ifdef _ERRNO 
....................    { 
....................       errno=EDOM; 
....................    } 
....................    #endif 
....................    } 
.................... } 
.................... #endif 
.................... //////////////////// Exponential and logarithmic functions //////////////////// 
.................... //////////////////////////////////////////////////////////////////////////// 
.................... //   float exp(float x) 
.................... //////////////////////////////////////////////////////////////////////////// 
.................... // Description : returns the value (e^x) 
.................... // Date : N/A 
.................... // 
.................... #define LN2 0.6931471805599453 
.................... #define LN2_INV 1.4426950408889634073 
....................  
.................... float const pe[6] = {0.000207455774, 0.00127100575, 0.00965065093, 
....................                      0.0554965651,  0.240227138,  0.693147172}; 
....................  
....................  
.................... float32 exp(float32 x) 
.................... { 
....................    float32 y, res, r; 
....................    #if defined(__PCD__) 
....................    int8 data1; 
....................    #endif 
....................    signed int8 n; 
....................    int1 s; 
....................    #ifdef _ERRNO 
....................    if(x > 88.722838) 
....................    { 
....................       errno=ERANGE; 
....................       return(0); 
....................    } 
....................    #endif 
....................    n = (signed int16)(x*LN2_INV); 
....................    s = 0; 
....................    y = x; 
....................  
....................    if (x < 0) 
....................    { 
....................       s = 1; 
....................       n = -n; 
....................       y = -y; 
....................    } 
....................  
....................    res = 0.0; 
.................... #if !defined(__PCD__) 
....................    *((unsigned int8 *)(&res)) = n + 0x7F; 
.................... #endif 
....................  
.................... #if defined(__PCD__)  // Takes care of IEEE format for PCD 
....................    data1 = n+0x7F; 
....................    if(bit_test(data1,0)) 
....................    bit_set(*(((unsigned int8 *)(&res)+2)),7); 
....................    rotate_right(&data1,1); 
....................    bit_clear(data1,7); 
....................    *(((unsigned int8 *)(&res)+3)) = data1; 
.................... #endif 
....................  
....................    y = y*LN2_INV - (float32)n; 
....................  
....................    r = pe[0]*y + pe[1]; 
....................    r = r*y + pe[2]; 
....................    r = r*y + pe[3]; 
....................    r = r*y + pe[4]; 
....................    r = r*y + pe[5]; 
....................  
....................    res = res*(1.0 + y*r); 
....................  
....................    if (s) 
....................       res = 1.0/res; 
....................    return(res); 
.................... } 
....................  
....................  
.................... //Overloaded function for exp() for PCD 
.................... // Overloaded function exp() for data type - Float48 
.................... #if defined(__PCD__) 
.................... float48 exp(float48 x) 
.................... { 
....................    float48 y, res, r; 
....................    int8 data1; 
....................    signed int8 n; 
....................    int1 s; 
....................    #ifdef _ERRNO 
....................    if(x > 88.722838) 
....................    { 
....................       errno=ERANGE; 
....................       return(0); 
....................    } 
....................    #endif 
....................    n = (signed int16)(x*LN2_INV); 
....................    s = 0; 
....................    y = x; 
....................  
....................    if (x < 0) 
....................    { 
....................       s = 1; 
....................       n = -n; 
....................       y = -y; 
....................    } 
....................  
....................    res = 0.0; 
....................  
....................    data1 = n+0x7F; 
....................    if(bit_test(data1,0)) 
....................    bit_set(*(((unsigned int8 *)(&res)+4)),7); 
....................    rotate_right(&data1,1); 
....................    bit_clear(data1,7); 
....................    *(((unsigned int8 *)(&res)+5)) = data1; 
....................  
....................    y = y*LN2_INV - (float48)n; 
....................  
....................    r = pe[0]*y + pe[1]; 
....................    r = r*y + pe[2]; 
....................    r = r*y + pe[3]; 
....................    r = r*y + pe[4]; 
....................    r = r*y + pe[5]; 
....................  
....................    res = res*(1.0 + y*r); 
....................  
....................    if (s) 
....................       res = 1.0/res; 
....................    return(res); 
.................... } 
....................  
.................... // Overloaded function exp() for data type - Float64 
.................... float64 const pe_64[12] ={9.30741400474913e-011,-4.28655416283316e-011, 
....................                           8.71486547014137e-009,9.84458531538385e-008, 
....................                           1.32588296983536e-006,1.52489283823016e-005, 
....................                           0.000154037598423921,0.00133335487036216, 
....................                           0.00961812936407326,0.0555041086222122, 
....................                           0.240226506962827,0.693147180559823}; 
....................  
.................... float64 exp(float64 x) 
.................... { 
....................    float64 y, res, r; 
....................    unsigned int16 data1, data2; 
....................    unsigned int16 *p; 
....................    signed int16 n; 
....................    int1 s; 
....................    #ifdef _ERRNO 
....................    if(x > 709.7827128) 
....................    { 
....................       errno=ERANGE; 
....................       return(0); 
....................    } 
....................    #endif 
....................    y = x*LN2_INV; 
....................    n = (signed int16)y; 
....................    s = 0; 
....................    y = x; 
....................  
....................    if (x < 0) 
....................    { 
....................       s = 1; 
....................       n = -n; 
....................       y = -y; 
....................    } 
....................  
....................    res = 0.0; 
....................  
.................... #if !defined(__PCD__) 
....................    *((unsigned int16 *)(&res)) = n + 0x7F; 
.................... #endif 
....................    p= (((unsigned int16 *)(&res))+3); 
....................    data1 = *p; 
....................    data2 = *p;    
....................    data1 = n + 0x3FF; 
....................    data1 = data1 <<4; 
....................    if(bit_test(data2,15)) 
....................    bit_set(data1,15); 
....................    data2 = data2 & 0x000F; 
....................    data1 ^= data2; 
....................  
....................    *(((unsigned int16 *)(&res)+3)) = data1; 
....................  
....................  
....................    y = y*LN2_INV - (float64)n; 
....................  
....................    r = pe_64[0]*y + pe_64[1]; 
....................    r = r*y + pe_64[2]; 
....................    r = r*y + pe_64[3]; 
....................    r = r*y + pe_64[4]; 
....................    r = r*y + pe_64[5]; 
....................    r = r*y + pe_64[6]; 
....................    r = r*y + pe_64[7]; 
....................    r = r*y + pe_64[8]; 
....................    r = r*y + pe_64[9]; 
....................    r = r*y + pe_64[10]; 
....................    r = r*y + pe_64[11]; 
....................     
....................    res = res*(1.0 + y*r); 
....................  
....................    if (s) 
....................       res = 1.0/res; 
....................    return(res); 
.................... } 
.................... #ENDIF 
....................  
....................  
.................... /************************************************************/ 
....................  
.................... float32 const pl[4] = {-1.080310025160955, 1.999999947089217}; 
.................... float32 const ql[4] = {0.091284365719509, -0.873491916557671}; 
....................  
.................... //////////////////////////////////////////////////////////////////////////// 
.................... //   float log(float x) 
.................... //////////////////////////////////////////////////////////////////////////// 
.................... // Description : returns the the natural log of x 
.................... // Date : N/A 
.................... // 
.................... float32 log(float32 x) 
.................... { 
....................    float32 y, res, r, y2; 
....................    #if defined(__PCD__) 
....................    unsigned int8  data1,data2; 
....................    #endif 
....................    signed int8 n; 
....................    #ifdef _ERRNO 
....................    if(x <0) 
....................    { 
....................       errno=EDOM; 
....................    } 
....................    if(x ==0) 
....................    { 
....................       errno=ERANGE; 
....................       return(0); 
....................    } 
....................    #endif 
....................    y = x; 
....................  
....................    if (y != 1.0) 
....................    { 
.................... #if !defined(__PCD__) 
....................     *((unsigned int8 *)(&y)) = 0x7E;  
.................... #endif 
....................  
.................... #if defined(__PCD__) // Takes care of IEEE format 
....................    data2 = *(((unsigned int8 *)(&y))+3); 
....................    *(((unsigned int8 *)(&y))+3) = 0x3F; 
....................    data1 = *(((unsigned int8 *)(&y))+2); 
....................    bit_clear(data1,7); 
....................    *(((unsigned int8 *)(&y))+2) = data1; 
....................    if(bit_test(data2,7)) 
....................      bit_set(*(((unsigned int8 *)(&y))+3),7); 
.................... #endif 
....................  
....................       y = (y - 1.0)/(y + 1.0); 
....................  
....................       y2=y*y; 
....................  
....................       res = pl[0]*y2 + pl[1]; 
....................  
....................       r = ql[0]*y2 + ql[1]; 
....................       r = r*y2 + 1.0; 
....................  
....................       res = y*res/r; 
.................... #if !defined(__PCD__) 
....................       n = *((unsigned int8 *)(&x)) - 0x7E; 
.................... #endif 
.................... #if defined(__PCD__)  
....................     data1 = *(((unsigned int8 *)(&x)+3)); 
....................     rotate_left(&data1,1); 
....................     data2 = *(((unsigned int8 *)(&x)+2)); 
....................     if(bit_test (data2,7)) 
....................       bit_set(data1,0); 
....................     n = data1 - 0x7E; 
.................... #endif 
....................  
....................       if (n<0)  
....................          r = -(float32)-n; 
....................       else 
....................          r = (float32)n; 
....................  
....................       res += r*LN2; 
....................    } 
....................  
....................    else 
....................       res = 0.0; 
....................  
....................    return(res); 
.................... } 
....................  
.................... //Overloaded function for log() for PCD 
.................... // Overloaded function log() for data type - Float48 
.................... #if defined(__PCD__) 
.................... // Overloaded function log() for data type - float64 
.................... float64 const pl_64[4] = {-0.145694052150681, 1.365485300000370, 
....................                           -3.120535668274329, 2.000000000000000}; 
....................  
.................... float64 const ql_64[4] = {0.006047500465908, -0.208298281937234, 
....................                           1.113943039156721, -1.893601167470470}; 
....................  
.................... float48 log(float48 x) 
.................... { 
....................    float48 y, res, r, y2; 
....................    unsigned int8  data1,data2; 
....................    signed int8 n; 
.................... #ifdef _ERRNO 
....................    if(x <0) 
....................    { 
....................       errno=EDOM; 
....................    } 
....................    if(x ==0) 
....................    { 
....................       errno=ERANGE; 
....................       return(0); 
....................    } 
.................... #endif 
....................    y = x; 
....................  
....................    if (y != 1.0) 
....................    { 
....................  
.................... #if !defined(__PCD__) 
....................       *((unsigned int8 *)(&y)) = 0x7E;  
.................... #endif 
....................       data2 = *(((unsigned int8 *)(&y))+5); 
....................       *(((unsigned int8 *)(&y))+5) = 0x3F; 
....................       data1 = *(((unsigned int8 *)(&y))+4); 
....................       bit_clear(data1,7); 
....................       *(((unsigned int8 *)(&y))+4) = data1; 
....................  
....................       if(bit_test(data2,7)) 
....................       bit_set(*(((unsigned int8 *)(&y))+4),7); 
....................       y = (y - 1.0)/(y + 1.0); 
....................  
....................       y2=y*y; 
....................  
....................       res = pl_64[0]*y2 + pl_64[1]; 
....................       res = res*y2 + pl_64[2]; 
....................       res = res*y2 + pl_64[3]; 
....................  
....................       r = ql_64[0]*y2 + ql_64[1]; 
....................       r = r*y2 + ql_64[2]; 
....................       r = r*y2 + ql_64[3]; 
....................       r = r*y2 + 1.0;  
....................       res = y*res/r; 
....................  
....................       data1 = *(((unsigned int8 *)(&x)+5)); 
....................       rotate_left(&data1,1); 
....................       data2 = *(((unsigned int8 *)(&x)+4)); 
....................       if(bit_test (data2,7)) 
....................       bit_set(data1,0); 
....................        
....................       n = data1 - 0x7E; 
....................  
....................       if (n<0) 
....................       r = -(float48)-n; 
....................       else 
....................       r = (float48)n; 
....................  
....................       res += r*LN2; 
....................    } 
....................  
....................    else 
....................    res = 0.0; 
....................  
....................    return(res); 
.................... } 
....................  
.................... float64 log(float64 x) 
.................... { 
....................    float64 y, res, r, y2; 
....................    unsigned int16  data1,data2; 
....................    unsigned int16 *p; 
....................    signed int16 n; 
....................    #ifdef _ERRNO 
....................    if(x <0) 
....................    { 
....................       errno=EDOM; 
....................    } 
....................    if(x ==0) 
....................    { 
....................       errno=ERANGE; 
....................       return(0); 
....................    } 
....................    #endif 
....................    y = x; 
....................  
....................    if (y != 1.0) 
....................    { 
....................    #if !defined(__PCD__) 
....................        *((unsigned int8 *)(&y)) = 0x7E;  
....................    #endif 
....................       p= (((unsigned int16 *)(&y))+3); 
....................       data1 = *p; 
....................       data2 = *p; 
....................       data1 = 0x3FE; 
....................       data1 = data1 <<4; 
....................       if(bit_test (data2,15)) 
....................          bit_set(data1,15); 
....................       data2 = data2 & 0x000F; 
....................       data1 ^=data2; 
....................  
....................       *p = data1; 
....................  
....................       y = (y - 1.0)/(y + 1.0); 
....................  
....................       y2=y*y; 
....................  
....................       res = pl_64[0]*y2 + pl_64[1]; 
....................       res = res*y2 + pl_64[2]; 
....................       res = res*y2 + pl_64[3]; 
....................  
....................       r = ql_64[0]*y2 + ql_64[1]; 
....................       r = r*y2 + ql_64[2]; 
....................       r = r*y2 + ql_64[3]; 
....................       r = r*y2 + 1.0; 
....................  
....................       res = y*res/r; 
....................   
....................       p= (((unsigned int16 *)(&x))+3); 
....................       data1 = *p; 
....................       bit_clear(data1,15); 
....................       data1 = data1 >>4;     
....................       n = data1 - 0x3FE; 
....................  
....................  
....................       if (n<0) 
....................          r = -(float64)-n; 
....................       else 
....................          r = (float64)n; 
....................  
....................       res += r*LN2; 
....................    } 
....................  
....................    else 
....................       res = 0.0; 
....................  
....................    return(res); 
.................... } 
.................... #endif 
....................  
....................  
.................... #define LN10 2.3025850929940456 
.................... #define LN10_INV 0.4342944819032518276 
....................  
.................... //////////////////////////////////////////////////////////////////////////// 
.................... //   float log10(float x) 
.................... //////////////////////////////////////////////////////////////////////////// 
.................... // Description : returns the the log base 10 of x 
.................... // Date : N/A 
.................... // 
.................... float32 log10(float32 x) 
.................... { 
....................    float32 r; 
....................  
....................    r = log(x); 
....................    r = r*LN10_INV; 
....................    return(r); 
.................... } 
....................  
.................... //Overloaded functions for log10() for PCD 
.................... // Overloaded function log10() for data type - Float48 
.................... #if defined(__PCD__) 
.................... float48 log10(float48 x) 
.................... { 
....................    float48 r; 
....................  
....................    r = log(x); 
....................    r = r*LN10_INV; 
....................    return(r); 
.................... } 
....................  
.................... // Overloaded function log10() for data type - Float64 
.................... float64 log10(float64 x) 
.................... { 
....................    float64 r; 
....................  
....................    r = log(x); 
....................    r = r*LN10_INV; 
....................    return(r); 
.................... } 
.................... #endif 
.................... //////////////////////////////////////////////////////////////////////////// 
.................... //   float modf(float x) 
.................... //////////////////////////////////////////////////////////////////////////// 
.................... // Description :breaks the argument value int integral and fractional parts, 
.................... // ach of which have the same sign as the argument.  It stores the integral part 
.................... // as a float in the object pointed to by the iptr 
.................... // Returns : returns the signed fractional part of value. 
.................... // Date : N/A 
.................... // 
....................  
.................... float32 modf(float32 value,float32 *iptr) 
.................... { 
....................    *iptr=(value < 0.0)? ceil(value): floor(value); 
....................    return(value - *iptr); 
.................... } 
.................... //Overloaded functions for modf() for PCD 
.................... // Overloaded function modf() for data type - Float48 
.................... #if defined(__PCD__) 
.................... float48 modf(float48 value,float48 *iptr) 
.................... { 
....................    *iptr=(value < 0.0)? ceil(value): floor(value); 
....................    return(value - *iptr); 
.................... } 
.................... // Overloaded function modf() for data type - Float64 
.................... float64 modf(float64 value,float64 *iptr) 
.................... { 
....................    *iptr=(value < 0.0)? ceil(value): floor(value); 
....................    return(value - *iptr); 
.................... } 
.................... #endif 
....................  
.................... //////////////////////////////////////////////////////////////////////////// 
.................... //   float pwr(float x,float y) 
.................... //////////////////////////////////////////////////////////////////////////// 
.................... // Description : returns the value (x^y) 
.................... // Date : N/A 
.................... // Note : 0 is returned when the function will generate an imaginary number 
.................... // 
.................... float32 pwr(float32 x,float32 y) 
.................... { 
....................    if(0 > x && fmod(y, 1) == 0) { 
....................       if(fmod(y, 2) == 0) { 
....................          return (exp(log(-x) * y)); 
....................       } else { 
....................          return (-exp(log(-x) * y)); 
....................       } 
....................    } else if(0 > x && fmod(y, 1) != 0) { 
....................       return 0; 
....................    } else { 
....................       if(x != 0 || 0 >= y) { 
....................          return (exp(log(x) * y)); 
....................       } 
....................    } 
.................... } 
.................... //Overloaded functions for pwr() for PCD 
.................... // Overloaded function pwr() for data type - Float48 
.................... #if defined(__PCD__) 
.................... float48 pwr(float48 x,float48 y) 
.................... { 
....................    if(0 > x && fmod(y, 1) == 0) { 
....................       if(fmod(y, 2) == 0) { 
....................          return (exp(log(-x) * y)); 
....................       } else { 
....................          return (-exp(log(-x) * y)); 
....................       } 
....................    } else if(0 > x && fmod(y, 1) != 0) { 
....................       return 0; 
....................    } else { 
....................       if(x != 0 || 0 >= y) { 
....................          return (exp(log(x) * y)); 
....................       } else return 0; 
....................    } 
.................... } 
.................... // Overloaded function pwr() for data type - Float64 
.................... float64 pwr(float64 x,float64 y) 
.................... { 
....................    if(0 > x && fmod(y, 1) == 0) { 
....................       if(fmod(y, 2) == 0) { 
....................          return (exp(log(-x) * y)); 
....................       } else { 
....................          return (-exp(log(-x) * y)); 
....................       } 
....................    } else if(0 > x && fmod(y, 1) != 0) { 
....................       return 0; 
....................    } else { 
....................       if(x != 0 || 0 >= y) { 
....................          return (exp(log(x) * y)); 
....................       } else return 0; 
....................    } 
.................... } 
.................... #endif 
....................  
.................... //////////////////// Power functions //////////////////// 
....................  
.................... //////////////////////////////////////////////////////////////////////////// 
.................... //   float pow(float x,float y) 
.................... //////////////////////////////////////////////////////////////////////////// 
.................... // Description : returns the value (x^y) 
.................... // Date : N/A 
.................... // Note : 0 is returned when the function will generate an imaginary number 
.................... // 
.................... float32 pow(float32 x,float32 y) 
.................... { 
....................    if(0 > x && fmod(y, 1) == 0) { 
....................       if(fmod(y, 2) == 0) { 
....................          return (exp(log(-x) * y)); 
....................       } else { 
....................          return (-exp(log(-x) * y)); 
....................       } 
....................    } else if(0 > x && fmod(y, 1) != 0) { 
....................       return 0; 
....................    } else { 
....................       if(x != 0 || 0 >= y) { 
....................          return (exp(log(x) * y)); 
....................       } else return 0; 
....................    } 
.................... } 
.................... //Overloaded functions for pow() for PCD 
.................... // Overloaded function for pow() data type - Float48 
.................... #if defined(__PCD__) 
.................... float48 pow(float48 x,float48 y) 
.................... { 
....................    if(0 > x && fmod(y, 1) == 0) { 
....................       if(fmod(y, 2) == 0) { 
....................          return (exp(log(-x) * y)); 
....................       } else { 
....................          return (-exp(log(-x) * y)); 
....................       } 
....................    } else if(0 > x && fmod(y, 1) != 0) { 
....................       return 0; 
....................    } else { 
....................       if(x != 0 || 0 >= y) { 
....................          return (exp(log(x) * y)); 
....................       } else return 0; 
....................    } 
.................... } 
....................  
.................... // Overloaded function pow() for data type - Float64 
.................... float64 pow(float64 x,float64 y) 
.................... { 
....................    if(0 > x && fmod(y, 1) == 0) { 
....................       if(fmod(y, 2) == 0) { 
....................          return (exp(log(-x) * y)); 
....................       } else { 
....................          return (-exp(log(-x) * y)); 
....................       } 
....................    } else if(0 > x && fmod(y, 1) != 0) { 
....................       return 0; 
....................    } else { 
....................       if(x != 0 || 0 >= y) { 
....................          return (exp(log(x) * y)); 
....................       } else return 0; 
....................    } 
.................... } 
.................... #endif 
....................  
.................... //////////////////////////////////////////////////////////////////////////// 
.................... //   float sqrt(float x) 
.................... //////////////////////////////////////////////////////////////////////////// 
.................... // Description : returns the square root of x 
.................... // Date : N/A 
.................... // 
.................... float32 sqrt(float32 x) 
.................... { 
....................    float32 y, res; 
....................    #if defined(__PCD__) 
....................    unsigned int16 data1,data2; 
....................    #endif 
....................    unsigned int8 *p; 
....................  
....................    #ifdef _ERRNO 
....................    if(x < 0) 
....................    { 
....................       errno=EDOM; 
....................    } 
....................    #endif 
....................  
....................    if( x<=0.0) 
....................       return(0.0); 
....................  
....................    y=x; 
....................     
....................    #if !defined(__PCD__) 
....................     p=&y; 
....................    (*p)=(unsigned int8)((((unsigned int16)(*p)) + 127) >> 1); 
....................    #endif 
....................     
....................    #if defined(__PCD__) 
....................     p = (((unsigned int8 *)(&y))+3); 
....................     data1 = *(((unsigned int8 *)(&y))+3); 
....................     data2 = *(((unsigned int8 *)(&y))+2); 
....................     rotate_left(&data1,1);     
....................     if(bit_test(data2,7))     
....................        bit_set(data1,0);     
....................     data1 = ((data1+127) >>1); 
....................     bit_clear(data2,7); 
....................     if(bit_test(data1,0)) 
....................        bit_set(data2,7); 
....................     data1 = data1 >>1; 
....................     *(((unsigned int8 *)(&y))+3) = data1; 
....................     *(((unsigned int8 *)(&y))+2) = data2; 
....................      
....................   #endif 
....................  
....................    do { 
....................       res=y; 
....................       y+=(x/y); 
....................  
....................       #if !defined(__PCD__) 
....................      (*p)--; 
....................    #endif 
....................     
....................    #if defined(__PCD__) 
....................     data1 = *(((unsigned int8 *)(&y))+3); 
....................     data2 = *(((unsigned int8 *)(&y))+2); 
....................     rotate_left(&data1,1); 
....................     if(bit_test(data2,7)) 
....................        bit_set(data1,0);     
....................     data1--; 
....................     bit_clear(data2,7); 
....................     if(bit_test(data1,0)) 
....................        bit_set(data2,7); 
....................     data1 = data1 >>1; 
....................     *(((unsigned int8 *)(&y))+3) = data1; 
....................     *(((unsigned int8 *)(&y))+2) = data2; 
....................      
....................   #endif 
....................    } while(res != y); 
....................  
....................    return(res); 
.................... } 
.................... //Overloaded functions for sqrt() for PCD 
.................... // Overloaded function sqrt() for data type - Float48 
.................... #if defined(__PCD__) 
.................... float48 sqrt(float48 x) 
.................... { 
....................    float48 y, res; 
....................    unsigned int16 data1,data2; 
....................    unsigned int8 *p; 
....................  
....................    #ifdef _ERRNO 
....................    if(x < 0) 
....................    { 
....................       errno=EDOM; 
....................    } 
....................    #endif 
....................  
....................    if( x<=0.0) 
....................       return(0.0); 
....................  
....................    y=x; 
....................     
....................    #if !defined(__PCD__) 
....................     p=&y; 
....................    (*p)=(unsigned int8)((((unsigned int16)(*p)) + 127) >> 1); 
....................    #endif 
....................     
....................    #if defined(__PCD__) 
....................     p = (((unsigned int8 *)(&y))+5); 
....................     data1 = *(((unsigned int8 *)(&y))+5); 
....................     data2 = *(((unsigned int8 *)(&y))+4); 
....................     rotate_left(&data1,1); 
....................     if(bit_test(data2,7)) 
....................        bit_set(data1,0);     
....................     data1 = ((data1+127) >>1); 
....................     bit_clear(data2,7); 
....................     if(bit_test(data1,0)) 
....................        bit_set(data2,7); 
....................     data1 = data1 >>1; 
....................     *(((unsigned int8 *)(&y))+5) = data1; 
....................     *(((unsigned int8 *)(&y))+4) = data2; 
....................      
....................   #endif 
....................  
....................    do { 
....................       res=y; 
....................       y+=(x/y); 
....................  
....................       #if !defined(__PCD__) 
....................      (*p)--; 
....................    #endif 
....................     
....................     data1 = *(((unsigned int8 *)(&y))+5); 
....................     data2 = *(((unsigned int8 *)(&y))+4); 
....................     rotate_left(&data1,1); 
....................     if(bit_test(data2,7)) 
....................        bit_set(data1,0);     
....................     data1--; 
....................     bit_clear(data2,7); 
....................     if(bit_test(data1,0)) 
....................        bit_set(data2,7); 
....................     data1 = data1 >>1; 
....................     *(((unsigned int8 *)(&y))+5) = data1; 
....................     *(((unsigned int8 *)(&y))+4) = data2; 
....................      
....................    } while(res != y); 
....................  
....................    return(res); 
.................... } 
....................  
.................... // Overloaded function sqrt() for data type - Float64 
.................... float64 sqrt(float64 x) 
.................... { 
....................    float64 y, res; 
....................    unsigned int16 *p; 
....................    unsigned int16 temp1,temp2; 
....................  
....................    #ifdef _ERRNO 
....................    if(x < 0) 
....................    { 
....................       errno=EDOM; 
....................    } 
....................    #endif 
....................  
....................    if( x<=0.0) 
....................       return(0.0); 
....................  
....................    y=x; 
....................    p= (((unsigned int16 *)(&y))+3); 
....................    temp1 = *p; 
....................    temp2 = *p; 
....................    bit_clear(temp1,15); 
....................    temp1 = (temp1>>4)+1023; 
....................    temp1 = temp1 >> 1; 
....................    temp1 = (temp1<<4) & 0xFFF0; 
....................    if(bit_test(temp2,15)) 
....................       bit_set(temp1,15); 
....................    temp2 = temp2 & 0x000F; 
....................    temp1 ^= temp2; 
....................     
....................    (*p) = temp1; 
....................     
....................    do { 
....................       res=y; 
....................       y+=(x/y); 
....................      temp1 = *p; 
....................      temp2 = *p; 
....................      bit_clear(temp1,15); 
....................      temp1 = (temp1>>4); 
....................      temp1--; 
....................      temp1 = (temp1<<4) & 0xFFF0; 
....................      if(bit_test(temp2,15)) 
....................         bit_set(temp1,15); 
....................      temp2 = temp2 & 0x000F; 
....................      temp1 ^= temp2; 
....................      (*p) = temp1; 
....................  
....................    } while(res != y); 
....................  
....................    return(res); 
.................... } 
.................... #endif 
....................  
.................... ////////////////////////////// Trig Functions ////////////////////////////// 
.................... #ifdef PI_DIV_BY_TWO_INV 
.................... #undef PI_DIV_BY_TWO_INV 
.................... #endif 
.................... #define PI_DIV_BY_TWO_INV 0.63661977236758134 
.................... #ifdef PI_DIV_BY_TWO 
.................... #undef PI_DIV_BY_TWO 
.................... #endif 
.................... #define PI_DIV_BY_TWO   1.5707963267948966 
.................... #ifdef TWOBYPI 
.................... #undef TWOBYPI 
.................... #endif 
.................... #define TWOBYPI          0.6366197723675813 
....................  
.................... //////////////////////////////////////////////////////////////////////////// 
.................... //   float cos(float x) 
.................... //////////////////////////////////////////////////////////////////////////// 
.................... // Description : returns the cosine value of the angle x, which is in radian 
.................... // Date : 9/20/2001 
.................... // 
.................... float32 cos(float32 x) 
.................... { 
....................    float32 y, t, t2 = 1.0; 
....................    unsigned int8 quad, i; 
....................    float32 frac; 
....................    float32 p[5] = {                    //by the series definition for cosine 
....................       -0.49999999456337096,            // sum ( ( (-1)^n * x^2n )/(2n)! ) 
....................        0.04166663896921267, 
....................       -0.00138883894522527, 
....................        0.00002476138231734, 
....................       -0.00000026070414770 
....................       //-0.00000000001147, 
....................       // 0.00000000000005 
....................    }; 
....................  
....................    if (x < 0) x = -x;                  // absolute value of input 
....................  
....................    quad = (unsigned int8)(x * PI_DIV_BY_TWO_INV);    // quadrant 
....................    frac = (x * PI_DIV_BY_TWO_INV) - quad;  // fractional part of input 
....................    quad = quad % 4;                    // quadrant (0 to 3) 
....................  
....................    if (quad == 0 || quad == 2) 
....................       t = frac * PI_DIV_BY_TWO; 
....................    else if (quad == 1) 
....................       t = (1-frac) * PI_DIV_BY_TWO; 
....................    else // should be 3 
....................       t = (frac-1) * PI_DIV_BY_TWO; 
....................  
....................    y = 1.0; 
....................    t = t * t; 
....................    for (i = 0; i <= 4; i++) 
....................    { 
....................       t2 = t2 * t; 
....................       y = y + p[i] * t2; 
....................    } 
....................  
....................    if (quad == 2 || quad == 1) 
....................       y = -y;  // correct sign 
....................  
....................    return (y); 
.................... } 
....................  
....................  
.................... //Overloaded functions for cos() for PCD 
.................... // Overloaded function cos() for data type - Float48 
.................... #if defined(__PCD__) 
.................... float48 cos(float48 x) 
.................... { 
....................    float48 y, t, t2 = 1.0; 
....................    unsigned int8 quad, i; 
....................    float48 frac; 
....................    float48 p[6] = {                    //by the series definition for cosine 
....................       -0.5,                            // sum ( ( (-1)^n * x^2n )/(2n)! ) 
....................        0.04166666666667, 
....................       -0.00138888888889, 
....................        0.00002480158730, 
....................       -0.00000027557319, 
....................        0.00000000208767 
....................    }; 
....................  
....................    if (x < 0) x = -x;                  // absolute value of input 
....................  
....................    quad = (unsigned int8)(x * PI_DIV_BY_TWO_INV);    // quadrant 
....................    frac = (x * PI_DIV_BY_TWO_INV) - quad;  // fractional part of input 
....................    quad = quad % 4;                    // quadrant (0 to 3) 
....................  
....................    if (quad == 0 || quad == 2) 
....................       t = frac * PI_DIV_BY_TWO; 
....................    else if (quad == 1) 
....................       t = (1-frac) * PI_DIV_BY_TWO; 
....................    else // should be 3 
....................       t = (frac-1) * PI_DIV_BY_TWO; 
....................  
....................    y = 0.999999999781; 
....................    t = t * t; 
....................    for (i = 0; i <= 5; i++) 
....................    { 
....................       t2 = t2 * t; 
....................       y = y + p[i] * t2; 
....................    } 
....................  
....................    if (quad == 2 || quad == 1) 
....................       y = -y;  // correct sign 
....................  
....................    return (y); 
.................... } 
....................  
.................... // Overloaded function cos() for data type - Float64 
.................... float64 cos(float64 x) 
.................... { 
....................    float64 y, t, t2 = 1.0; 
....................    unsigned int8 quad, i; 
....................    float64 frac; 
....................    float64 p_64[9] = {               //by the series definition for cosine 
....................      -0.49999999999998740,           // sum ( ( (-1)^n * x^2n )/(2n)! )              
....................       0.04166666666656518, 
....................      -0.00138888888851691, 
....................       0.00002480158658490, 
....................      -0.00000027557239796, 
....................       0.00000000208715031, 
....................      -0.00000000001126577, 
....................       0.00000000000000427, 
....................       0.00000000000000372}; 
....................  
....................    if (x < 0) x = -x;                  // absolute value of input 
....................  
....................    quad = (unsigned int8)(x * PI_DIV_BY_TWO_INV);    // quadrant 
....................    frac = (x * PI_DIV_BY_TWO_INV) - quad;  // fractional part of input 
....................    quad = quad % 4;                    // quadrant (0 to 3) 
....................  
....................    if (quad == 0 || quad == 2) 
....................       t = frac * PI_DIV_BY_TWO; 
....................    else if (quad == 1) 
....................       t = (1-frac) * PI_DIV_BY_TWO; 
....................    else // should be 3 
....................       t = (frac-1) * PI_DIV_BY_TWO; 
....................  
....................    y = 1.0; 
....................    t = t * t; 
....................    for (i = 0; i <= 8; i++) 
....................    { 
....................       t2 = t2 * t; 
....................       y = y + p_64[i] * t2; 
....................    } 
....................  
....................    if (quad == 2 || quad == 1) 
....................       y = -y;  // correct sign 
....................  
....................    return (y); 
.................... } 
....................  
.................... #endif 
....................  
.................... //////////////////////////////////////////////////////////////////////////// 
.................... //   float sin(float x) 
.................... //////////////////////////////////////////////////////////////////////////// 
.................... // Description : returns the sine value of the angle x, which is in radian 
.................... // Date : 9/20/2001 
.................... // 
.................... float32 sin(float32 x) 
.................... { 
....................    return cos(x - PI_DIV_BY_TWO); 
.................... } 
....................  
.................... //Overloaded functions for sin() for PCD 
.................... // Overloaded function sin() for data type - Float48 
.................... #if defined(__PCD__) 
.................... float48 sin(float48 x) 
.................... { 
....................    return cos(x - PI_DIV_BY_TWO); 
.................... } 
....................  
.................... // Overloaded function sin() for data type - Float48 
.................... float64 sin(float64 x) 
.................... { 
....................    return cos(x - PI_DIV_BY_TWO); 
.................... } 
.................... #endif 
....................  
.................... //////////////////////////////////////////////////////////////////////////// 
.................... //   float tan(float x) 
.................... //////////////////////////////////////////////////////////////////////////// 
.................... // Description : returns the tangent value of the angle x, which is in radian 
.................... // Date : 9/20/2001 
.................... // 
.................... float32 tan(float32 x) 
.................... { 
....................    float32 c, s; 
....................  
....................    c = cos(x); 
....................    if (c == 0.0) 
....................       return (1.0e+36); 
....................  
....................    s = sin(x); 
....................    return(s/c); 
.................... } 
.................... //Overloaded functions for tan() for PCD 
.................... // Overloaded function tan() for data type - Float48 
.................... #if defined(__PCD__) 
.................... float48 tan(float48 x) 
.................... { 
....................    float48 c, s; 
....................  
....................    c = cos(x); 
....................    if (c == 0.0) 
....................       return (1.0e+36); 
....................  
....................    s = sin(x); 
....................    return(s/c); 
.................... } 
....................  
.................... // Overloaded function tan() for data type - Float48 
.................... float64 tan(float64 x) 
.................... { 
....................    float64 c, s; 
....................  
....................    c = cos(x); 
....................    if (c == 0.0) 
....................       return (1.0e+36); 
....................  
....................    s = sin(x); 
....................    return(s/c); 
.................... } 
.................... #endif 
....................  
.................... float32 const pas[3] = {0.49559947, -4.6145309, 5.6036290}; 
.................... float32 const qas[3] = {1.0000000,  -5.5484666, 5.6036290}; 
....................  
.................... float32 ASIN_COS(float32 x, unsigned int8 n) 
.................... { 
....................    float32 y, res, r, y2; 
....................    int1 s; 
....................    #ifdef _ERRNO 
....................    if(x <-1 || x > 1) 
....................    { 
....................       errno=EDOM; 
....................    } 
....................    #endif 
....................    s = 0; 
....................    y = x; 
....................  
....................    if (x < 0) 
....................    { 
....................       s = 1; 
....................       y = -y; 
....................    } 
....................  
....................    if (y > 0.5) 
....................    { 
....................       y = sqrt((1.0 - y)*0.5); 
....................       n += 2; 
....................    } 
....................  
....................    y2=y*y; 
....................  
....................    res = pas[0]*y2 + pas[1]; 
....................    res = res*y2 + pas[2]; 
....................  
....................    r = qas[0]*y2 + qas[1]; 
....................    r = r*y2 + qas[2]; 
....................  
....................    res = y*res/r; 
....................  
....................    if (n & 2)     // |x| > 0.5 
....................       res = PI_DIV_BY_TWO - 2.0*res; 
....................    if (s) 
....................       res = -res; 
....................    if (n & 1)           // take arccos 
....................       res = PI_DIV_BY_TWO - res; 
....................  
....................    return(res); 
.................... } 
....................  
....................  
.................... //Overloaded functions for ASIN_COS() for PCD 
.................... // Overloaded function ASIN_COS() for data type - Float48 
.................... #if defined(__PCD__) 
.................... float48 ASIN_COS(float48 x, unsigned int8 n) 
.................... { 
....................    float48 y, res, r, y2; 
....................    int1 s; 
....................    #ifdef _ERRNO 
....................    if(x <-1 || x > 1) 
....................    { 
....................       errno=EDOM; 
....................    } 
....................    #endif 
....................    s = 0; 
....................    y = x; 
....................  
....................    if (x < 0) 
....................    { 
....................       s = 1; 
....................       y = -y; 
....................    } 
....................  
....................    if (y > 0.5) 
....................    { 
....................       y = sqrt((1.0 - y)*0.5); 
....................       n += 2; 
....................    } 
....................  
....................    y2=y*y; 
....................  
....................    res = pas[0]*y2 + pas[1]; 
....................    res = res*y2 + pas[2]; 
....................  
....................    r = qas[0]*y2 + qas[1]; 
....................    r = r*y2 + qas[2]; 
....................  
....................    res = y*res/r; 
....................  
....................    if (n & 2)     // |x| > 0.5 
....................       res = PI_DIV_BY_TWO - 2.0*res; 
....................    if (s) 
....................       res = -res; 
....................    if (n & 1)           // take arccos 
....................       res = PI_DIV_BY_TWO - res; 
....................  
....................    return(res); 
.................... } 
....................  
.................... // Overloaded function ASIN_COS() for data type - Float64 
.................... double pas_64[5]={1.000000000000000,-2.069938587724477,1.421444580548907, 
....................                  -0.360690137621842,0.024929451660228}; 
....................  
.................... double qas_64[5]={-2.236605254391134,1.719212122946451,-0.524122954476133, 
....................                    0.052808872045749,-0.000662536036570}; 
....................                     
.................... float64 ASIN_COS(float64 x, unsigned int8 n) 
.................... { 
....................    float64 y, res, r, y2; 
....................    int1 s; 
....................    #ifdef _ERRNO 
....................    if(x <-1 || x > 1) 
....................    { 
....................       errno=EDOM; 
....................    } 
....................    #endif 
....................    s = 0; 
....................    y = x; 
....................  
....................    if (x < 0) 
....................    { 
....................       s = 1; 
....................       y = -y; 
....................    } 
....................  
....................    if (y > 0.5) 
....................    { 
....................       y = sqrt((1.0 - y)*0.5); 
....................       n += 2; 
....................    } 
....................  
....................    y2=y*y; 
....................  
....................    res = pas_64[4]*y2 + pas_64[3]; 
....................    res = res*y2 + pas_64[2]; 
....................    res = res*y2 + pas_64[1]; 
....................    res = res*y2 + pas_64[0]; 
....................  
....................    r = qas_64[4]*y2 + qas_64[3]; 
....................    r = r*y2 + qas_64[2]; 
....................    r = r*y2 + qas_64[1]; 
....................    r = r*y2 + qas_64[0]; 
....................    r = r*y2 + 1.0; 
....................  
....................    res = y*res/r; 
....................  
....................    if (n & 2)     // |x| > 0.5 
....................       res = PI_DIV_BY_TWO - 2.0*res; 
....................    if (s) 
....................       res = -res; 
....................    if (n & 1)           // take arccos 
....................       res = PI_DIV_BY_TWO - res; 
....................  
....................    return(res); 
.................... } 
.................... #endif 
....................  
.................... //////////////////////////////////////////////////////////////////////////// 
.................... //   float asin(float x) 
.................... //////////////////////////////////////////////////////////////////////////// 
.................... // Description : returns the arcsine value of the value x. 
.................... // Date : N/A 
.................... // 
.................... float32 asin(float32 x) 
.................... { 
....................    float32 r; 
....................  
....................    r = ASIN_COS(x, 0); 
....................    return(r); 
.................... } 
.................... //Overloaded functions for asin() for PCD 
.................... // Overloaded function asin() for data type - Float48 
.................... #if defined(__PCD__) 
.................... float48 asin(float48 x) 
.................... { 
....................    float48 r; 
....................  
....................    r = ASIN_COS(x, 0); 
....................    return(r); 
.................... } 
....................  
.................... // Overloaded function asin() for data type - Float64 
.................... float64 asin(float64 x) 
.................... { 
....................    float64 r; 
....................  
....................    r = ASIN_COS(x, 0); 
....................    return(r); 
.................... } 
.................... #endif 
....................  
.................... //////////////////////////////////////////////////////////////////////////// 
.................... //   float acos(float x) 
.................... //////////////////////////////////////////////////////////////////////////// 
.................... // Description : returns the arccosine value of the value x. 
.................... // Date : N/A 
.................... // 
.................... float32 acos(float32 x) 
.................... { 
....................    float32 r; 
....................  
....................    r = ASIN_COS(x, 1); 
....................    return(r); 
.................... } 
.................... //Overloaded functions for acos() for PCD 
.................... // Overloaded function acos() for data type - Float48 
.................... #if defined(__PCD__) 
.................... float48 acos(float48 x) 
.................... { 
....................    float48 r; 
....................  
....................    r = ASIN_COS(x, 1); 
....................    return(r); 
.................... } 
....................  
.................... // Overloaded function acos() for data type - Float64 
.................... float64 acos(float64 x) 
.................... { 
....................    float64 r; 
....................  
....................    r = ASIN_COS(x, 1); 
....................    return(r); 
.................... } 
.................... #endif 
....................  
.................... float32 const pat[4] = {0.17630401, 5.6710795, 22.376096, 19.818457}; 
.................... float32 const qat[4] = {1.0000000,  11.368190, 28.982246, 19.818457}; 
....................  
.................... //////////////////////////////////////////////////////////////////////////// 
.................... //   float atan(float x) 
.................... //////////////////////////////////////////////////////////////////////////// 
.................... // Description : returns the arctangent value of the value x. 
.................... // Date : N/A 
.................... // 
.................... float32 atan(float32 x) 
.................... { 
....................    float32 y, res, r; 
....................    int1 s, flag; 
....................  
....................    s = 0; 
....................    flag = 0; 
....................    y = x; 
....................  
....................    if (x < 0) 
....................    { 
....................       s = 1; 
....................       y = -y; 
....................    } 
....................  
....................    if (y > 1.0) 
....................    { 
....................       y = 1.0/y; 
....................       flag = 1; 
....................    } 
....................  
....................    res = pat[0]*y*y + pat[1]; 
....................    res = res*y*y + pat[2]; 
....................    res = res*y*y + pat[3]; 
....................  
....................    r = qat[0]*y*y + qat[1]; 
....................    r = r*y*y + qat[2]; 
....................    r = r*y*y + qat[3]; 
....................  
....................    res = y*res/r; 
....................  
....................  
....................    if (flag)                              // for |x| > 1 
....................       res = PI_DIV_BY_TWO - res; 
....................    if (s) 
....................       res = -res; 
....................  
....................    return(res); 
.................... } 
.................... //Overloaded functions for atan() for PCD 
.................... // Overloaded function atan() for data type - Float48 
.................... #if defined(__PCD__) 
.................... float48 atan(float48 x) 
.................... { 
....................    float48 y, res, r; 
....................    int1 s, flag; 
....................  
....................    s = 0; 
....................    flag = 0; 
....................    y = x; 
....................  
....................    if (x < 0) 
....................    { 
....................       s = 1; 
....................       y = -y; 
....................    } 
....................  
....................    if (y > 1.0) 
....................    { 
....................       y = 1.0/y; 
....................       flag = 1; 
....................    } 
....................  
....................    res = pat[0]*y*y + pat[1]; 
....................    res = res*y*y + pat[2]; 
....................    res = res*y*y + pat[3]; 
....................  
....................    r = qat[0]*y*y + qat[1]; 
....................    r = r*y*y + qat[2]; 
....................    r = r*y*y + qat[3]; 
....................  
....................    res = y*res/r; 
....................  
....................  
....................    if (flag)                              // for |x| > 1 
....................       res = PI_DIV_BY_TWO - res; 
....................    if (s) 
....................       res = -res; 
....................  
....................    return(res); 
.................... } 
....................  
.................... float64 pat_64[6]={0.999999999999999,2.249923645595566,1.771541617806449, 
....................                    0.579678874003185,0.072162702162882,0.002281100141660}; 
....................  
.................... float64 qat_64[6]={2.583256978928510,2.432627277466967,1.016760379885393, 
....................                    0.182482977188688,0.011155377971690,0.000100013019160}; 
.................... // Overloaded function atan() for data type - Float64 
.................... float64 atan(float64 x) 
.................... { 
....................    float64 y,y2, res, r; 
....................    int1 s, flag; 
....................  
....................    s = 0; 
....................    flag = 0; 
....................    y = x; 
....................  
....................    if (x < 0) 
....................    { 
....................       s = 1; 
....................       y = -y; 
....................    } 
....................  
....................    if (y > 1.0) 
....................    { 
....................       y = 1.0/y; 
....................       flag = 1; 
....................    } 
....................    y2 = y*y; 
....................    res = pat_64[5]*y2 + pat_64[4]; 
....................    res = res*y2 + pat_64[3]; 
....................    res = res*y2 + pat_64[2]; 
....................    res = res*y2 + pat_64[1]; 
....................    res = res*y2 + pat_64[0]; 
....................  
....................    r = qat_64[5]*y2 + qat_64[4]; 
....................    r = r*y2 + qat_64[3]; 
....................    r = r*y2 + qat_64[2]; 
....................    r = r*y2 + qat_64[1]; 
....................    r = r*y2 + qat_64[0]; 
....................    r = r*y2 + 1.0; 
....................  
....................    res = y*res/r; 
....................  
....................  
....................    if (flag)                              // for |x| > 1 
....................       res = PI_DIV_BY_TWO - res; 
....................    if (s) 
....................       res = -res; 
....................  
....................    return(res); 
.................... } 
.................... #endif 
....................  
.................... ///////////////////////////////////////////////////////////////////////////// 
.................... //   float atan2(float y, float x) 
.................... ///////////////////////////////////////////////////////////////////////////// 
.................... // Description :computes the principal value of arc tangent of y/x, using the 
.................... // signs of both the arguments to determine the quadrant of the return value 
.................... // Returns : returns the arc tangent of y/x. 
.................... // Date : N/A 
.................... // 
....................  
.................... float32 atan2(float32 y,float32 x) 
.................... { 
....................    float32 z; 
....................    int1 sign; 
....................    unsigned int8 quad; 
....................    sign=0; 
....................    quad=0; //quadrant 
....................    quad=((y<=0.0)?((x<=0.0)?3:4):((x<0.0)?2:1)); 
....................    if(y<0.0) 
....................    { 
....................       sign=1; 
....................       y=-y; 
....................    } 
....................    if(x<0.0) 
....................    { 
....................       x=-x; 
....................    } 
....................    if (x==0.0) 
....................    { 
....................       if(y==0.0) 
....................       { 
....................       #ifdef _ERRNO 
....................       { 
....................          errno=EDOM; 
....................       } 
....................       #endif 
....................       } 
....................       else 
....................       { 
....................          if(sign) 
....................          { 
....................          return (-(PI_DIV_BY_TWO)); 
....................          } 
....................          else 
....................          { 
....................          return (PI_DIV_BY_TWO); 
....................          } 
....................       } 
....................    } 
....................    else 
....................    { 
....................       z=y/x; 
....................       switch(quad) 
....................       { 
....................          case 1: 
....................          { 
....................             return atan(z); 
....................             break; 
....................          } 
....................          case 2: 
....................          { 
.................... //            return (atan(z)+PI_DIV_BY_TWO);  //2L3122 
....................             return (PI-atan(z)); 
....................             break; 
....................          } 
....................          case 3: 
....................          { 
....................             return (atan(z)-PI); 
....................             break; 
....................          } 
....................          case 4: 
....................          { 
....................             return (-atan(z)); 
....................             break; 
....................          } 
....................       } 
....................    } 
.................... } 
....................  
.................... //Overloaded functions for atan2() for PCD 
.................... // Overloaded function atan2() for data type - Float48 
.................... #if defined(__PCD__) 
.................... float48 atan2(float48 y,float48 x) 
.................... { 
....................    float48 z; 
....................    int1 sign; 
....................    unsigned int8 quad; 
....................    sign=0; 
....................    quad=0; //quadrant 
....................    quad=((y<=0.0)?((x<=0.0)?3:4):((x<0.0)?2:1)); 
....................    if(y<0.0) 
....................    { 
....................       sign=1; 
....................       y=-y; 
....................    } 
....................    if(x<0.0) 
....................    { 
....................       x=-x; 
....................    } 
....................    if (x==0.0) 
....................    { 
....................       if(y==0.0) 
....................       { 
....................       #ifdef _ERRNO 
....................       { 
....................          errno=EDOM; 
....................       } 
....................       #endif 
....................       } 
....................       else 
....................       { 
....................          if(sign) 
....................          { 
....................          return (-(PI_DIV_BY_TWO)); 
....................          } 
....................          else 
....................          { 
....................          return (PI_DIV_BY_TWO); 
....................          } 
....................       } 
....................    } 
....................    else 
....................    { 
....................       z=y/x; 
....................       switch(quad) 
....................       { 
....................          case 1: 
....................          { 
....................             return atan(z); 
....................             break; 
....................          } 
....................          case 2: 
....................          { 
.................... //            return (atan(z)+PI_DIV_BY_TWO);  //2L3122 
....................             return (PI-atan(z)); 
....................             break; 
....................          } 
....................          case 3: 
....................          { 
....................             return (atan(z)-PI); 
....................             break; 
....................          } 
....................          case 4: 
....................          { 
....................             return (-atan(z)); 
....................             break; 
....................          } 
....................       } 
....................    } 
.................... } 
....................  
.................... // Overloaded function atan2() for data type - Float64 
.................... float64 atan2(float64 y,float64 x) 
.................... { 
....................    float64 z; 
....................    int1 sign; 
....................    unsigned int8 quad; 
....................    sign=0; 
....................    quad=0; //quadrant 
....................    quad=((y<=0.0)?((x<=0.0)?3:4):((x<0.0)?2:1)); 
....................    if(y<0.0) 
....................    { 
....................       sign=1; 
....................       y=-y; 
....................    } 
....................    if(x<0.0) 
....................    { 
....................       x=-x; 
....................    } 
....................    if (x==0.0) 
....................    { 
....................       if(y==0.0) 
....................       { 
....................       #ifdef _ERRNO 
....................       { 
....................          errno=EDOM; 
....................       } 
....................       #endif 
....................       } 
....................       else 
....................       { 
....................          if(sign) 
....................          { 
....................          return (-(PI_DIV_BY_TWO)); 
....................          } 
....................          else 
....................          { 
....................          return (PI_DIV_BY_TWO); 
....................          } 
....................       } 
....................    } 
....................    else 
....................    { 
....................       z=y/x; 
....................       switch(quad) 
....................       { 
....................          case 1: 
....................          { 
....................             return atan(z); 
....................             break; 
....................          } 
....................          case 2: 
....................          { 
.................... //            return (atan(z)+PI_DIV_BY_TWO);  //2L3122 
....................             return (PI-atan(z)); 
....................             break; 
....................          } 
....................          case 3: 
....................          { 
....................             return (atan(z)-PI); 
....................             break; 
....................          } 
....................          case 4: 
....................          { 
....................             return (-atan(z)); 
....................             break; 
....................          } 
....................       } 
....................    } 
.................... } 
.................... #endif 
....................  
.................... //////////////////// Hyperbolic functions //////////////////// 
....................  
.................... //////////////////////////////////////////////////////////////////////////// 
.................... //   float cosh(float x) 
.................... //////////////////////////////////////////////////////////////////////////// 
.................... // Description : Computes the hyperbolic cosine value of x 
.................... // Returns : returns the hyperbolic cosine value of x 
.................... // Date : N/A 
.................... // 
....................  
.................... float32 cosh(float32 x) 
.................... { 
....................    return ((exp(x)+exp(-x))*0.5); 
.................... } 
.................... //Overloaded functions for cosh() for PCD 
.................... // Overloaded function cosh() for data type - Float48 
.................... #if defined(__PCD__) 
.................... float48 cosh(float48 x) 
.................... { 
....................    return ((exp(x)+exp(-x))*0.5); 
.................... } 
....................  
.................... // Overloaded function cosh() for data type - Float64 
.................... float64 cosh(float64 x) 
.................... { 
....................    return ((exp(x)+exp(-x))*0.5); 
.................... } 
.................... #endif 
....................  
.................... //////////////////////////////////////////////////////////////////////////// 
.................... //   float sinh(float x) 
.................... //////////////////////////////////////////////////////////////////////////// 
.................... // Description : Computes the hyperbolic sine value of x 
.................... // Returns : returns the hyperbolic sine value of x 
.................... // Date : N/A 
.................... // 
....................  
.................... float32 sinh(float32 x) 
.................... { 
....................  
....................    return ((exp(x) - exp(-x))*0.5); 
.................... } 
.................... //Overloaded functions for sinh() for PCD 
.................... // Overloaded function sinh() for data type - Float48 
.................... #if defined(__PCD__) 
.................... float48 sinh(float48 x) 
.................... { 
....................  
....................    return ((exp(x) - exp(-x))*0.5); 
.................... } 
....................  
.................... // Overloaded function sinh() for data type - Float48 
.................... float64 sinh(float64 x) 
.................... { 
....................  
....................    return ((exp(x) - exp(-x))*0.5); 
.................... } 
.................... #endif 
....................  
.................... //////////////////////////////////////////////////////////////////////////// 
.................... //   float tanh(float x) 
.................... //////////////////////////////////////////////////////////////////////////// 
.................... // Description : Computes the hyperbolic tangent value of x 
.................... // Returns : returns the hyperbolic tangent value of x 
.................... // Date : N/A 
.................... // 
....................  
.................... float32 tanh(float32 x) 
.................... { 
....................    return(sinh(x)/cosh(x)); 
.................... } 
.................... //Overloaded functions for tanh() for PCD 
.................... // Overloaded function tanh() for data type - Float48 
.................... #if defined(__PCD__) 
.................... float48 tanh(float48 x) 
.................... { 
....................    return(sinh(x)/cosh(x)); 
.................... } 
....................  
.................... // Overloaded function tanh() for data type - Float64 
.................... float64 tanh(float64 x) 
.................... { 
....................    return(sinh(x)/cosh(x)); 
.................... } 
.................... #endif 
....................  
.................... //////////////////////////////////////////////////////////////////////////// 
.................... //   float frexp(float x, signed int *exp) 
.................... //////////////////////////////////////////////////////////////////////////// 
.................... // Description : breaks a floating point number into a normalized fraction and an integral 
.................... // power of 2. It stores the integer in the signed int object pointed to by exp. 
.................... // Returns : returns the value x, such that x is a double with magnitude in the interval 
.................... // [1/2,1) or zero, and value equals x times 2 raised to the power *exp.If value is zero, 
.................... // both parts of the result are zero. 
.................... // Date : N/A 
.................... // 
....................  
.................... #define LOG2 .30102999566398119521 
.................... #define LOG2_INV 3.32192809488736234787 
.................... float32 frexp(float32 x, signed int8 *exp) 
.................... { 
....................    float32 res; 
....................    int1 sign = 0; 
....................    if(x == 0.0) 
....................    { 
....................       *exp=0; 
....................       return (0.0); 
....................    } 
....................    if(x < 0.0) 
....................    { 
....................      x=-x; 
....................      sign=1; 
....................    } 
....................    if (x > 1.0) 
....................    { 
....................       *exp=(ceil(log10(x)*LOG2_INV)); 
....................       res=x/(pow(2, *exp)); 
....................       if (res == 1) 
....................       { 
....................          *exp=*exp+1; 
....................           res=.5; 
....................       } 
....................    } 
....................    else 
....................    { 
....................       if(x < 0.5) 
....................       { 
....................          *exp=-1; 
....................          res=x*2; 
....................       } 
....................       else 
....................       { 
....................          *exp=0; 
....................           res=x; 
....................       } 
....................    } 
....................    if(sign) 
....................    { 
....................       res=-res; 
....................    } 
....................    return res; 
.................... } 
....................  
.................... //Overloaded functions for frexp() for PCD 
.................... // Overloaded function frexp() for data type - Float48 
.................... #if defined(__PCD__) 
.................... float48 frexp(float48 x, signed int8 *exp) 
.................... { 
....................    float48 res; 
....................    int1 sign = 0; 
....................    if(x == 0.0) 
....................    { 
....................       *exp=0; 
....................       return (0.0); 
....................    } 
....................    if(x < 0.0) 
....................    { 
....................      x=-x; 
....................      sign=1; 
....................    } 
....................    if (x > 1.0) 
....................    { 
....................       *exp=(ceil(log10(x)*LOG2_INV)); 
....................       res=x/(pow(2, *exp)); 
....................       if (res == 1) 
....................       { 
....................          *exp=*exp+1; 
....................           res=.5; 
....................       } 
....................    } 
....................    else 
....................    { 
....................       if(x < 0.5) 
....................       { 
....................          *exp=-1; 
....................          res=x*2; 
....................       } 
....................       else 
....................       { 
....................          *exp=0; 
....................           res=x; 
....................       } 
....................    } 
....................    if(sign) 
....................    { 
....................       res=-res; 
....................    } 
....................    return res; 
.................... } 
....................  
.................... // Overloaded function frexp() for data type - Float64 
.................... float64 frexp(float64 x, signed int8 *exp) 
.................... { 
....................    float64 res; 
....................    int1 sign = 0; 
....................    if(x == 0.0) 
....................    { 
....................       *exp=0; 
....................       return (0.0); 
....................    } 
....................    if(x < 0.0) 
....................    { 
....................      x=-x; 
....................      sign=1; 
....................    } 
....................    if (x > 1.0) 
....................    { 
....................       *exp=(ceil(log10(x)*LOG2_INV)); 
....................       res=x/(pow(2, *exp)); 
....................       if (res == 1) 
....................       { 
....................          *exp=*exp+1; 
....................           res=.5; 
....................       } 
....................    } 
....................    else 
....................    { 
....................       if(x < 0.5) 
....................       { 
....................          *exp=-1; 
....................          res=x*2; 
....................       } 
....................       else 
....................       { 
....................          *exp=0; 
....................           res=x; 
....................       } 
....................    } 
....................    if(sign) 
....................    { 
....................       res=-res; 
....................    } 
....................    return res; 
.................... } 
.................... #endif 
....................  
.................... ////////////////////////////////////////////////////////////////////////////// 
.................... //   float ldexp(float x, signed int *exp) 
.................... ////////////////////////////////////////////////////////////////////////////// 
.................... // Description : multiplies a floating point number by an integral power of 2. 
.................... // Returns : returns the value of x times 2 raised to the power exp. 
.................... // Date : N/A 
.................... // 
....................  
.................... float32 ldexp(float32 value, signed int8 exp) 
.................... { 
....................    return (value * pow(2,exp)); 
.................... } 
.................... //Overloaded functions for ldexp() for PCD 
.................... // Overloaded function ldexp() for data type - Float48 
....................  
.................... #if defined(__PCD__) 
.................... float48 ldexp(float48 value, signed int8 exp) 
.................... { 
....................    return (value * pow(2,exp)); 
.................... } 
.................... // Overloaded function ldexp() for data type - Float64 
.................... float64 ldexp(float64 value, signed int8 exp) 
.................... { 
....................    return (value * pow(2,exp)); 
.................... } 
.................... #endif 
....................  
.................... #endif 
....................  
.................... #include<string.h> 
.................... //////////////////////////////////////////////////////////////////////////// 
.................... ////        (C) Copyright 1996,2008 Custom Computer Services            //// 
.................... //// This source code may only be used by licensed users of the CCS C   //// 
.................... //// compiler.  This source code may only be distributed to other       //// 
.................... //// licensed users of the CCS C compiler.  No other use, reproduction  //// 
.................... //// or distribution is permitted without written permission.           //// 
.................... //// Derivative programs created using this software in object code     //// 
.................... //// form are not restricted in any way.                                //// 
.................... //////////////////////////////////////////////////////////////////////////// 
....................  
.................... #ifndef _STRING 
.................... #define _STRING 
.................... #include <stddef.h> 
.................... #include <ctype.h> 
....................  
....................  
....................  
.................... ////////////////////////////////////////////// 
.................... //// Uncomment the following define to    //// 
.................... //// allow some functions to use a        //// 
.................... //// quicker algorithm, but use more ROM  //// 
.................... ////                                      //// 
.................... //// #define FASTER_BUT_MORE_ROM          //// 
.................... ////////////////////////////////////////////// 
....................  
....................  
....................  
.................... /*Copying functions*/ 
.................... /* standard template: 
....................    void *memmove(void *s1, void *s2, size_t n). 
....................    Copies max of n characters safely (not following ending '\0') 
....................    from s2 in s1; if s2 has less than n characters, appends 0 */ 
....................  
.................... unsigned char *memmove(void *s1,void *s2,size_t n) 
.................... { 
....................    unsigned char *sc1; 
....................    unsigned char *sc2; 
....................    sc1=s1; 
....................    sc2=s2; 
....................    if(sc2<sc1 && sc1 <sc2 +n) 
....................       for(sc1+=n,sc2+=n;0<n;--n) 
....................          *--sc1=*--sc2; 
....................    else 
....................       for(;0<n;--n) 
....................          *sc1++=*sc2++; 
....................   return s1; 
....................   } 
....................  
.................... /* Standard template: char *strcpy(char *s1, const char *s2) 
....................    copies the string s2 including the null character to s1. 
....................    This is a compiler built in to handle the different address 
....................    spaces */ 
....................  
.................... #define strcopy strcpy 
....................  
.................... /* standard template: 
....................    char *strncpy(char *s1, const char *s2, size_t n). 
....................    Copies max of n characters (not following ending '\0') 
....................    from s2 in s1; if s2 has less than n characters, appends 0 */ 
....................  
.................... unsigned char *strncpy(unsigned char *s1, unsigned char *s2, size_t n) 
.................... { 
....................   unsigned char *s; 
....................  
....................   for (s = s1; n > 0 && *s2 != '\0'; n--) 
....................      *s++ = *s2++; 
....................   for (; n > 0; n--) 
....................      *s++ = '\0'; 
....................  
....................   return(s1); 
.................... } 
.................... /***********************************************************/ 
....................  
.................... /*concatenation functions*/ 
.................... /* standard template: char *strcat(char *s1, const char *s2) 
.................... appends s2 to s1*/ 
....................  
.................... unsigned char *strcat(unsigned char *s1, unsigned char *s2) 
.................... { 
....................    unsigned char *s; 
....................  
....................    for (s = s1; *s != '\0'; ++s); 
....................    while(*s2 != '\0') 
....................    { 
....................       *s = *s2; 
....................       ++s; 
....................       ++s2; 
....................    } 
....................  
....................    *s = '\0'; 
....................    return(s1); 
.................... } 
.................... /* standard template: char *strncat(char *s1, char *s2,size_t n) 
.................... appends not more than n characters from s2 to s1*/ 
....................  
.................... unsigned char *strncat(unsigned char *s1, unsigned char *s2, size_t n) 
.................... { 
....................    unsigned char *s; 
....................  
....................    for (s = s1; *s != '\0'; ++s); 
....................    while(*s2 != '\0' && 0<n) 
....................    { 
....................       *s = *s2; 
....................       ++s; 
....................       ++s2; 
....................       --n; 
....................    } 
....................  
....................    *s = '\0'; 
....................    return(s1); 
.................... } 
....................  
.................... /***********************************************************/ 
....................  
....................  
.................... /*comparison functions*/ 
.................... /* standard template: signed int memcmp(void *s1, void *s2). 
....................    Compares s1 & s2; returns -1 if s1<s2, 0 if s1=s2, 1 if s1>s2 */ 
....................  
.................... signed int8 memcmp(void * s1,void *s2,size_t n) 
.................... { 
.................... unsigned char *su1, *su2; 
.................... for(su1=s1, su2=s2; 0<n; ++su1, ++su2, --n) 
.................... { 
....................    if(*su1!=*su2) 
....................       return ((*su1<*su2)?-1:1); 
.................... } 
.................... return 0; 
.................... } 
....................  
.................... /* standard template: int strcmp(const char *s1, const char *s2). 
....................    Compares s1 & s2; returns -1 if s1<s2, 0 if s1=s2, 1 if s1>s2 */ 
....................  
.................... signed int8 strcmp(unsigned char *s1, unsigned char *s2) 
.................... { 
....................    for (; *s1 == *s2; s1++, s2++) 
....................       if (*s1 == '\0') 
....................          return(0); 
....................    return((*s1 < *s2) ? -1: 1); 
.................... } 
.................... /* standard template: int strcoll(const char *s1, const char *s2). 
....................    Compares s1 & s2; returns -1 if s1<s2, 0 if s1=s2, 1 if s1>s2 */ 
....................  
.................... signed int8 strcoll(unsigned char *s1, unsigned char *s2) 
.................... { 
....................    for (; *s1 == *s2; s1++, s2++) 
....................       if (*s1 == '\0') 
....................          return(0); 
....................    return((*s1 < *s2) ? -1: 1); 
.................... } 
....................  
.................... /* standard template: 
....................    int strncmp(const char *s1, const char *s2, size_t n). 
....................    Compares max of n characters (not following 0) from s1 to s2; 
....................    returns same as strcmp */ 
....................  
.................... signed int8 strncmp(unsigned char *s1, unsigned char *s2, size_t n) 
.................... { 
....................    for (; n > 0; s1++, s2++, n--) 
....................       if (*s1 != *s2) 
....................          return((*s1 <*s2) ? -1: 1); 
....................       else if (*s1 == '\0') 
....................          return(0); 
....................    return(0); 
.................... } 
.................... /* standard template: 
....................    int strxfrm(const char *s1, const char *s2, size_t n). 
....................    transforms maximum of n characters from s2 and places them into s1, returns number of chars written ot s1. 
....................    if s1 is NULL and n is 0, then it returns the length of s2.*/ 
.................... size_t strxfrm(unsigned char *s1, unsigned char *s2, size_t n) 
.................... { 
....................    unsigned char c; 
....................    unsigned int8 n1; 
....................     
....................    if (!s1 && !n) 
....................       n = -1; //find length 
....................  
....................    n1 = 0; 
....................     
....................    for (; n1 < n; n1++) 
....................    { 
....................       c = *s2++; 
....................       if (!c) 
....................          break; 
....................       if (s1) 
....................          *s1++ = c; 
....................    } 
....................  
....................   return(n1); 
.................... } 
....................  
....................  
....................  
....................  
....................  
.................... /***********************************************************/ 
.................... /*Search functions*/ 
.................... /* standard template: void *memchr(const char *s, int c). 
....................    Finds first occurrence of c in n characters of s */ 
....................  
.................... unsigned char *memchr(void *s,unsigned int8 c,size_t n) 
.................... { 
....................    unsigned char uc; 
....................    unsigned char *su; 
....................    uc=c; 
....................    for(su=s;0<n;++su,--n) 
....................       if(*su==uc) 
....................       return su; 
....................    return NULL; 
.................... } 
....................  
.................... /* standard template: char *strchr(const char *s, int c). 
....................    Finds first occurrence of c in s */ 
....................  
.................... unsigned char *strchr(unsigned char *s, unsigned int8 c) 
.................... { 
....................    for (; *s != c; s++) 
....................       if (*s == '\0') 
....................          return(0); 
....................    return(s); 
.................... } 
.................... /* standard template: 
....................    size_t strcspn(const char *s1, const char *s2). 
....................    Computes length of max initial segment of s1 that 
....................    consists entirely of characters NOT from s2*/ 
....................  
.................... unsigned int8  strcspn(unsigned char *s1, unsigned char *s2) 
.................... { 
....................    unsigned char *sc1, *sc2; 
....................  
....................    for (sc1 = s1; *sc1 != 0; sc1++) 
....................       for (sc2 = s2; *sc2 != 0; sc2++) 
....................          if (*sc1 == *sc2) 
....................             return(sc1 - s1); 
....................    return(sc1 - s1); 
.................... } 
.................... /* standard template: 
....................    char *strpbrk(const char *s1, const char *s2). 
....................    Locates first occurence of any character from s2 in s1; 
....................    returns s1 if s2 is empty string */ 
....................  
.................... unsigned char *strpbrk(unsigned char *s1, unsigned char *s2) 
.................... { 
....................    unsigned char *sc1, *sc2; 
....................  
....................    for (sc1 = s1; *sc1 != 0; sc1++) 
....................       for (sc2 = s2; *sc2 != 0; sc2++) 
....................          if (*sc1 == *sc2) 
....................             return(sc1); 
....................    return(0); 
.................... } 
....................  
....................  
.................... /* standard template: char *strrchr(const char *s, int c). 
....................    Finds last occurrence of c in s */ 
....................  
.................... unsigned char *strrchr(unsigned char *s, unsigned int8 c) 
.................... { 
....................    unsigned char *p; 
....................  
....................    for (p = 0; ; s++) 
....................    { 
....................       if (*s == c) 
....................          p = s; 
....................       if (*s == '\0') 
....................          return(p); 
....................    } 
.................... } 
.................... /* computes length of max initial segment of s1 consisting 
....................    entirely of characters from s2 */ 
....................  
.................... unsigned int8  strspn(unsigned char *s1, unsigned char *s2) 
.................... { 
....................    unsigned char *sc1, *sc2; 
....................  
....................    for (sc1 = s1; *sc1 != 0; sc1++) 
....................       for (sc2 = s2; ; sc2++) 
....................     if (*sc2 == '\0') 
....................        return(sc1 - s1); 
....................          else if (*sc1 == *sc2) 
....................             break; 
....................    return(sc1 - s1); 
.................... } 
.................... /* standard template: 
....................    char *strstr(const char *s1, const char *s2); 
....................    Locates first occurence of character sequence s2 in s1; 
....................    returns 0 if s2 is empty string 
....................  
....................    Uncomment #define FASTER_BUT_MORE_ROM at the top of the 
....................    file to use the faster algorithm */ 
.................... unsigned char *strstr(unsigned char *s1, unsigned char *s2) 
.................... { 
....................    unsigned char *s, *t; 
....................  
....................    #ifdef FASTER_BUT_MORE_ROM 
....................    if (*s2 == '\0') 
....................          return(s1); 
....................    #endif 
....................  
....................    while (*s1) 
....................    { 
....................       for(s = s1, t = s2; *t && (*s == *t); ++s, ++t); 
....................  
....................       if (*t == '\0') 
....................          return s1; 
....................       ++s1; 
....................       #ifdef FASTER_BUT_MORE_ROM 
....................          while(*s1 != '\0' && *s1 != *s2) 
....................             ++s1; 
....................       #endif 
....................    } 
....................    return 0; 
.................... } 
....................  
.................... /* standard template: size_t strlen(const char *s). 
....................    Computes length of s1 (preceding terminating 0) */ 
....................  
.................... size_t strlen(unsigned char *s) 
.................... { 
....................    unsigned char *sc; 
....................  
....................    for (sc = s; *sc != 0; sc++); 
....................    return(sc - s); 
.................... } 
....................  
.................... /* standard template: char *strtok(char *s1, const char *s2). 
....................  
....................    Finds next token in s1 delimited by a character from separator 
....................    string s2 (which can be different from call to call).  First call 
....................    starts at beginning of s1 searching for first character NOT 
....................    contained in s2; returns 0 if none is found. 
....................    If one is found, it is the start of first token (return value). 
....................    Function then searches from there for a character contained in s2. 
....................    If none is found, current token extends to end of s1, and subsequent 
....................    searches for a token will return 0.  If one is found, it is 
....................    overwritten by '\0', which terminates current token.  Function saves 
....................    pointer to following character from which next search will start. 
....................    Each subsequent call, with 0 as first argument, starts searching 
....................    from saved pointer */ 
....................  
.................... unsigned char *strtok(unsigned char *s1, unsigned char *s2) 
.................... { 
....................    unsigned char *beg, *end; 
....................    static char *save; 
....................  
....................    beg = (s1)? s1: save; 
....................    beg += strspn(beg, s2); 
....................    if (*beg == '\0') 
....................       return(0); 
....................        
....................    end = strpbrk(beg, s2); 
....................    if (end != '\0') 
....................    { 
....................       *end = '\0'; 
....................       end++; 
....................       save = end; 
....................    } 
....................    else 
....................       save = beg + strlen(beg); 
....................     
....................    return(beg); 
.................... } 
....................  
.................... /*****************************************************************/ 
.................... /*Miscellaneous functions*/ 
.................... /* standard template 
.................... maps error number in errnum to an error message string 
.................... Returns: Pointer to string 
.................... */ 
.................... #ifdef _ERRNO 
.................... unsigned char * strerror(unsigned int8 errnum) 
.................... { 
.................... static unsigned char s[13]; 
.................... switch( errnum) 
.................... { 
.................... case 0: 
....................    strcpy(s,"no errors"); 
....................    return s; 
.................... case EDOM : 
....................    strcpy(s,"domain error"); 
....................    return s; 
.................... case ERANGE: 
....................    strcpy(s,"range error"); 
....................    return s; 
.................... } 
.................... } 
.................... #ENDIF 
....................  
.................... /* standard template: size_t stricmp(const char *s1, const char *s2). 
....................    Compares s1 to s2 ignoring case (upper vs. lower) */ 
....................  
.................... signed int8 stricmp(unsigned char *s1, unsigned char *s2) 
.................... { 
....................  for(; *s1==*s2||(isalpha(*s1)&&isalpha(*s2)&&(*s1==*s2+32||*s2==*s1+32)); 
....................     s1++, s2++) 
....................     if (*s1 == '\0') 
....................        return(0); 
....................  return((*s1 < *s2) ? -1: 1); 
.................... } 
....................  
....................  
.................... /* standard template: char *strlwr(char *s). 
....................    Replaces uppercase letters by lowercase; 
....................    returns pointer to new string s */ 
....................  
.................... unsigned char *strlwr(unsigned char *s) 
.................... { 
....................    unsigned char *p; 
....................  
....................    for (p = s; *p != '\0'; p++) 
....................       if (*p >= 'A' && *p <='Z') 
....................          *p += 'a' - 'A'; 
....................    return(s); 
.................... } 
....................  
.................... /* standard template: char *strupr(char *s). 
....................    Replaces lowercase letters by upercase; 
....................    returns pointer to new string s */ 
....................  
.................... unsigned char *strupr(unsigned char *s) 
.................... { 
....................    unsigned char *p; 
....................  
....................    for (p = s; *p != '\0'; p++) 
....................       if (*p >= 'a' && *p <='z') 
....................          *p -= 'a' - 'A'; 
....................    return(s); 
.................... } 
....................  
....................  
.................... /************************************************************/ 
....................  
....................  
.................... #endif 
....................  
.................... #include<ctype.h> 
.................... //////////////////////////////////////////////////////////////////////////// 
.................... ////        (C) Copyright 1996,2003 Custom Computer Services            //// 
.................... //// This source code may only be used by licensed users of the CCS C   //// 
.................... //// compiler.  This source code may only be distributed to other       //// 
.................... //// licensed users of the CCS C compiler.  No other use, reproduction  //// 
.................... //// or distribution is permitted without written permission.           //// 
.................... //// Derivative programs created using this software in object code     //// 
.................... //// form are not restricted in any way.                                //// 
.................... //////////////////////////////////////////////////////////////////////////// 
....................  
.................... #ifndef _CTYPE 
.................... #define _CTYPE 
....................  
.................... #define islower(x)  isamong(x,"abcdefghijklmnopqrstuvwxyz") 
.................... #define isupper(x)  isamong(x,"ABCDEFGHIJKLMNOPQRSTUVWXYZ") 
.................... #define isalnum(x)  isamong(x,"0123456789ABCDEFGHIJKLMNOPQRSTUVWXYZabcdefghijklmnopqrstuvwxyz") 
.................... #define isalpha(x)  isamong(x,"ABCDEFGHIJKLMNOPQRSTUVWXYZabcdefghijklmnopqrstuvwxyz") 
.................... #define isdigit(x)  isamong(x,"0123456789") 
.................... #define isspace(x)  ((x)==' ') 
.................... #define isxdigit(x) isamong(x,"0123456789ABCDEFabcdef") 
.................... #define iscntrl(x)  ((x)<' ') 
.................... #define isprint(x)  ((x)>=' ') 
.................... #define isgraph(x)  ((x)>' ') 
.................... #define ispunct(x)  (((x)>' ')&&!isalnum(x)) 
....................  
.................... #endif 
....................  
....................  
....................  
.................... #include "pic_ph_atlas_emu.h" 
.................... /*  
....................  * File:   pic_ph.h 
....................  * Author: Leonardo 
....................  * 
....................  * Created on 8 de Maio de 2019, 22:56 
....................  */ 
....................  
.................... #ifndef PIC_PH_H_ATLAS 
.................... #define	PIC_PH_H_ATLAS 
....................  
.................... // #define debug /*depuracao*/ 
....................  
.................... #use delay(internal=16MHZ) // CPU rodando em 16MHZ (clock interno) 
*
0755:  MOVLW  21
0756:  MOVWF  05
0757:  MOVLW  1B
0758:  MOVWF  04
0759:  MOVF   00,W
075A:  BTFSC  03.2
075B:  GOTO   76A
075C:  MOVLW  05
075D:  MOVWF  78
075E:  CLRF   77
075F:  DECFSZ 77,F
0760:  GOTO   75F
0761:  DECFSZ 78,F
0762:  GOTO   75E
0763:  MOVLW  2E
0764:  MOVWF  77
0765:  DECFSZ 77,F
0766:  GOTO   765
0767:  GOTO   768
0768:  DECFSZ 00,F
0769:  GOTO   75C
076A:  RETURN
....................  
....................  
.................... // configuracoes de hardware do PIC (fuses) 
....................  #fuses RSTOSC_HFINTRC, WRT, PROTECT, CPD, NOLVP, NOWDT   
....................  
.................... /* 
....................  Def para acesso dos registradores (ambiente CCS) relacionado aos I/O do PORTA 
....................  */ 
.................... #byte TRISA= getenv("SFR:TRISA")  
.................... #bit TRISA1= TRISA.1  
....................  
.................... #byte PORTA= getenv("SFR:PORTA")  
.................... #bit  PORTA1= PORTA.1  
....................  
.................... #byte LATA=getenv("SFR:LATA")  
.................... #bit  LATA1= LATA.1  
....................  
....................  
....................  
....................  
.................... // Descrição fuses do PIC16F18326 que estão configurados  
.................... /*  
.................... RSTOSC_HFINTRC   // On Power-up clock running from HFINTRC 
.................... PUT             // Power Up Timer 
.................... LPBOR           // Low-Power Brownout reset is enabled 
.................... WRT            //  Program Memory Write Protected 
.................... PROTECT        //  Code protected from reads 
.................... CPD             // Data EEPROM Code Protected 
.................... NOLVP           // No low voltage programing, B3(PIC16) or B5(PIC18) used for I/O 
.................... WDT           //   Watch Dog Timer 
.................... */  
....................  
.................... #define BUF_SIZE 40 // tamanho dos Buffers do I2C1 
.................... #define PIC_ADDRESS 0xA0 // endereco da I2C1 do pic (modo slave) (em 8 bits=> o valor verdadeiro do endereco vai ser PIC_ADDRESS>>1 (endereco em 7 bits) 
.................... #define LED_PIN PIN_A1 // pino onde está conectado o LED pino 12 RA1 
.................... #define LED_STATUS  PIN_A1 
.................... #define TAM_MAX  25 
....................  
.................... #define LEN_MAX_CMD 7 // o numero maximo de caracteres dos comandos da lista_comandos  ( não contando '\0') para comandos da forma : "CMD" 
.................... #define LEN_MAX_CMD2 5  // tamanho max do cmd2 ( não contando '\0') para um comando da forma CMD,CMD2,VALOR 
.................... #define LEN_MAX_VALOR 28 // tamanho max de  valor (não contando '\0') para comandos da forma CMD,VALOR ouu CMD,CMD2,VALOR pode variar, mas não passara de 20 
....................  
.................... // Macros de reset dos buffers do I2C1 (buffers não físicos) 
.................... #define RESET_out_buffer  for(int i = 0; i <= BUF_SIZE; i++) out_buffer[i] =0;  // reseta o buffer de entrada do I2C1 
.................... #define RESET_in_buffer   for(int i = 0; i <= BUF_SIZE; i++) in_buffer[i] =0;  // reseta o buffer de saida do I2C1 
.................... #define RESET_out_buffers for(int i = 0; i <= BUF_SIZE; i++) { out_buffer[i] =0; if(i<=LEN_MAX_CMD)CMD[i] =0; if(i<=LEN_MAX_CMD2) CMD2[i] =0; if(i<=LEN_MAX_VALOR)VALOR[i]=0;} // reseta os buffers de entrada e saída do PIC (modo Slave) 
....................  
....................  
.................... // associando os pinos do pic com a funcao que ele desempenha ( #pin_select) para uso da I2C1 
.................... // PPS do PIC 
....................  #pin_select SCL1IN=PIN_C0  
....................  #pin_select SCL1OUT=PIN_C0 // Modo slave não controla clock 
....................  #pin_select SDA1IN=PIN_C1 
....................  #pin_select SDA1OUT=PIN_C1 
.................... /*configura a I2C1(MSSP1) para o modo slave, com endereco PIC_ADDRESS,  usando hardware I2C  
....................  functions(FORCE_HW). Uma ID= I2C_PIC_SLAVE  representa o canal(stream) i2c criado  
....................  A i2c é iniciado com i2c_init() (NOINIT) , */  
.................... #use i2c(SLAVE, I2C1, address= PIC_ADDRESS , stream= I2C_PIC_SLAVE, NOINIT,FORCE_HW)  
*
004B:  MOVF   33,W
004C:  MOVWF  11
004D:  BSF    15.4
004E:  MOVLB  00
004F:  BCF    11.3
0050:  MOVLB  04
0051:  BTFSC  14.0
0052:  GOTO   051
0053:  CLRF   78
0054:  BTFSS  16.6
0055:  INCF   78,F
....................  
.................... /* 
.................... #pin_select U1TX= PIN_A4 // PIN_C1 SDA/TX 
.................... #pin_select U1RX= PIN_A5 // PIN_C0 SCL/RX 
.................... #use rs232(baud=9600, xmit = PIN_A4 , rcv = PIN_A5, bits=8 , stream= UART_PIC ,NOINIT) 
....................  
.................... */ 
....................  
.................... // C5 SDA MCP 
.................... // C4 SCL MCP 
....................  
.................... //unsigned int8 tamanho = 0; 
.................... char in_buffer[BUF_SIZE+1]; // buffer de recepcao de dados vindos do Master para o PIC 
.................... char out_buffer[BUF_SIZE+1]; // buffer de saida dados do slave(PIC) para o master 
....................  
.................... char CMD[LEN_MAX_CMD +1]={}; 
.................... char CMD2[LEN_MAX_CMD2+1]={}; 
.................... char VALOR[LEN_MAX_VALOR+1]={} ; 
....................  
....................  
.................... // unsigned int8  index_in_buffer_uart =0;  
....................  
.................... unsigned int1 lendo_str_master = FALSE ; // indica se o PIC está preenchendo in_buffer (I2C) 
.................... unsigned int8  index_out_buffer; 
.................... unsigned int8  index_in_buffer ; 
....................  
.................... typedef enum {cmd_err, cmd_Baud ,cmd_Cal, cmd_Export, cmd_Factory, cmd_Find, cmd_i, cmd_I2c, cmd_Import, cmd_L, cmd_Plock, cmd_R, cmd_Sleep, cmd_Slope,cmd_Status, cmd_T, cmd_RT} comandos; 
.................... char lista_comandos[17][LEN_MAX_CMD +1]= {"ERR","BAUD","CAL","EXPORT","FACTORY","FIND","I","I2C","IMPORT","L","PLOCK","R","SLEEP","SLOPE","STATUS","T","RT"} ; 
.................... /* variaveis PH */ 
....................  
.................... void config_PIC(void) ; 
....................  
.................... /* 
....................  Faz o parseamento de in_buffer, conforme o protocolo definido abaixo: 
....................  in_buffer pode ser da forma "CMD", "CMD,VALOR" ou "CMD,CMD2,VALOR" 
....................  Monta as string CMD(comando), CMD2(comando secundário (nem todos os comandos tem um CMD2) ) e VALOR( parâmetro de algum comando) 
....................  Obs: o separador padrão é ',' mas pode ser alterado para separador=%c 
....................  retorna TRUE se o parseamento foi correto (nº esperado de separadores) 
....................  retorna FALSE se o parseamento foi inválido(erro de sintaxe) (nº inesperado de separadores) 
....................  */ 
.................... int1 parsing_in_buffer(char *rcv_buffer) ;  
....................  
.................... /* Retorna qual  comando(CMD) foi enviado pelo usuário 
....................  O retorno é um valor de enum comandos 
....................  */ 
.................... int8 identifica_comando( char * comando) ; 
....................  
.................... void monta_out_buffer( int8 num_comando ) ; // monta o vetor out_buffer de resposta as requisicoes do mestre 
....................  
....................  
.................... /* 
....................  Variáveis e definições ANPH  
....................  */ 
....................  
.................... //fator_k= ; 
.................... //fator_b= ; 
....................  float32 temp_solucao= 25.0; // armazena a temperatura em ºC para compensacao de temperatura na leitura do ph ( Usado nos comandos T,RT e R) (padrão 25ºC (sem compensacao) ) 
....................  
....................  /* 
....................  Protótipos das funções do ANPH 
....................  */ 
....................  
.................... /* 
....................    retorna o valor ph com ou sem compensacao de temperatura   
....................  comp_temp=TRUE => retorna o valor ph com compensacao de temperatura (temp_C é a temperatura da solucao) 
....................  comp_temp=FALSE => retorna o valor ph sem compensacao de temperatura (temp_C= 25ºC) 
....................       
.................... Default temperature = 25°C 
.................... Temperature is always in Celsius 
.................... Temperature is not retained if power is cut 
....................  */ 
.................... int1 isStr_float(char *str_teste) ;// verifica se uma string representa um float válido 
.................... float32 get_ph_value(float32 temp_C) ; 
....................  
....................  
.................... /*Retorna uma única Leitura*/ 
.................... void ANPH_R(void) ; // retorna uma única leitura do valor de ph (%.2f)  
.................... void ANPH_T(void); // Define a compensacao de temperatura 
.................... void ANPH_RT(void) ; // /*Retorna uma única Leitura e define a compensacao de temperatura (Faz R e T em um mesmo comando) 
.................... void ANPH_FIND(void); //Find: LED rapidly blinks white, used to help find device 
.................... void ANPH_L(void); // LED CONTROL 
.................... /* */ 
....................  
....................  
....................  
.................... #ifndef debug 
....................  
.................... //////////////////// Driver for MCP3421 A/D Converter /////////////////// 
.................... ////                                                                 //// 
.................... ////  adc_init() - initializes the MCP3421, call after power up      //// 
.................... ////                                                                 //// 
.................... ////  read_adc_mcp3421() - initiates a conversion and reads adc,     //// 
.................... ////                       returns raw reading.                      //// 
.................... ////                                                                 //// 
.................... ////  read_adc_volts_mcp3421() - initiates a conversion and read     //// 
.................... ////                             adc, returns voltage as float       //// 
.................... ////                             (-2.048 to 2.048).                  //// 
.................... ////                                                                 //// 
.................... ////  Defines used to setup MCP3421:                                 //// 
.................... ////                                                                 //// 
.................... ////    MCP3421_SCL  - specifies the I2C clock pin to use, default   //// 
.................... ////                   if not specified is PIN_C3.                   //// 
.................... ////                                                                 //// 
.................... ////    MCP3421_SDA  - specifies the I2C data pin to use, default if //// 
.................... ////                   not specified is PIN_C4.                      //// 
.................... ////                                                                 //// 
.................... ////    MCP3421_MODE - specifies the mode to use, default if not     //// 
.................... ////                   specified is MCP3421_CONTINUOUS.  Valid       //// 
.................... ////                   options are:                                  //// 
.................... ////                     MCP3421_CONTINUOUS                          //// 
.................... ////                     MCP3421_ONE_SHOT                            //// 
.................... ////                                                                 //// 
.................... ////    MCP3421_BITS - specifies the number of conversion bits to    //// 
.................... ////                   use, default if not specified is              //// 
.................... ////                   MCP3421_18BITS.  Valid options are:           //// 
.................... ////                     MCP3421_18BITS                              //// 
.................... ////                     MCP3421_16BITS                              //// 
.................... ////                     MCP3421_14BITS                              //// 
.................... ////                     MCP3421_12BITS                              //// 
.................... ////                                                                 //// 
.................... ////    MCP3421_GAIN - specifies the PGA gain to use, default if not //// 
.................... ////                   specified is MCP3421_1X_GAIN.  Valid options  //// 
.................... ////                   are:                                          //// 
.................... ////                     MCP3421_8X_GAIN                             //// 
.................... ////                     MCP3421_4X_GAIN                             //// 
.................... ////                     MCP3421_2X_GAIN                             //// 
.................... ////                     MCP3421_1X_GAIN                             //// 
.................... ////                                                                 //// 
.................... ////    MCP3421_ADDRESS - specifies the address of MCP3421 devices,  //// 
.................... ////                      default if not specified is 0.  Valid      //// 
.................... ////                      options are 0-7.                           //// 
.................... ////                                                                 //// 
.................... ////    USE_HW_I2C - specifies that the MCP3421_SCL and MCP3421_SDA  //// 
.................... ////                 pins are HW I2C pins and to use PIC's HW I2C    //// 
.................... ////                 peripheral.                                     //// 
.................... ////                                                                 //// 
.................... ///////////////////////////////////////////////////////////////////////// 
.................... ////        (C) Copyright 1996,2013 Custom Computer Services         //// 
.................... //// This source code may only be used by licensed users of the CCS  //// 
.................... //// C compiler.  This source code may only be distributed to other  //// 
.................... //// licensed users of the CCS C compiler.  No other use,            //// 
.................... //// reproduction or distribution is permitted without written       //// 
.................... //// permission.  Derivative programs created using this software    //// 
.................... //// in object code form are not restricted in any way.              //// 
.................... ///////////////////////////////////////////////////////////////////////// 
....................  
.................... #define MCP3421_CONTINUOUS 0x10 
.................... #define MCP3421_ONE_SHOT   0x00 
....................  
.................... #define MCP3421_18BITS     0x0C 
.................... #define MCP3421_16BITS     0x08 
.................... #define MCP3421_14BITS     0x04 
.................... #define MCP3421_12BITS     0x00 
....................  
.................... #define MCP3421_8X_GAIN    0x03 
.................... #define MCP3421_4X_GAIN    0x02 
.................... #define MCP3421_2X_GAIN    0x01 
.................... #define MCP3421_1X_GAIN    0x00 
....................  
.................... #define MCP3421_DEVICE_CODE       0xD0 
.................... #define MCP3421_START_CONVERSTION 0x80 
....................  
.................... #ifndef MCP3421_SCL 
....................  #define MCP3421_SCL  PIN_C4 
.................... #endif 
....................  
.................... #ifndef MCP3421_SDA 
....................  #define MCP3421_SDA  PIN_C5 
.................... #endif 
....................  
....................  
.................... #ifndef MCP3421_MODE 
....................  #define MCP3421_MODE /*MCP3421_ONE_SHOT*/ MCP3421_CONTINUOUS 
.................... #endif 
....................  
.................... #ifndef MCP3421_BITS 
....................  #define MCP3421_BITS MCP3421_18BITS 
.................... #endif 
....................  
.................... #ifndef MCP3421_GAIN 
....................  #define MCP3421_GAIN MCP3421_1X_GAIN 
.................... #endif 
....................  
.................... #ifndef MCP3421_ADDRESS 
....................  #define MCP3421_ADDRESS 1 // endereco MCP3421 0x69 => 0xD0|0x01<<1  ; 0x69 => 0xD0|0x01<<1  
.................... #endif 
....................  
....................  
....................  #pin_select SCL2IN = MCP3421_SCL  
....................  #pin_select SCL2OUT = MCP3421_SCL 
....................  #pin_select SDA2IN = MCP3421_SDA 
....................  #pin_select SDA2OUT = MCP3421_SDA 
....................  
....................  
.................... #use i2c(MASTER,FAST,SCL=MCP3421_SCL, SDA=MCP3421_SDA, stream= MCP3421_STREAM,NOINIT) 
*
0071:  MOVLB  04
0072:  BCF    1D.7
0073:  MOVLB  00
0074:  BCF    12.3
0075:  MOVLB  03
0076:  MOVF   6B,W
0077:  MOVLB  04
0078:  MOVWF  19
0079:  MOVLW  02
007A:  BTFSC  1D.7
007B:  GOTO   083
007C:  MOVLB  00
007D:  BTFSS  12.3
007E:  GOTO   07D
007F:  MOVLW  00
0080:  MOVLB  04
0081:  BTFSC  1E.6
0082:  MOVLW  01
0083:  MOVWF  78
0084:  MOVLB  00
0085:  RETURN
*
02C3:  MOVLB  04
02C4:  BCF    1D.6
02C5:  BSF    1E.3
02C6:  BTFSC  1E.3
02C7:  GOTO   2C6
02C8:  BTFSC  77.0
02C9:  BCF    1E.5
02CA:  BTFSS  77.0
02CB:  BSF    1E.5
02CC:  BSF    1E.4
02CD:  BTFSC  1E.4
02CE:  GOTO   2CD
02CF:  MOVF   19,W
02D0:  MOVWF  78
02D1:  MOVLB  00
02D2:  RETURN
....................  
....................  
.................... /* Protótipos*/ 
.................... void adc_init(unsigned int8 address=MCP3421_ADDRESS) ; 
....................  
.................... #if MCP3421_BITS == MCP3421_18BITS 
.................... signed int32 read_adc_mcp3421(unsigned int8 address=MCP3421_ADDRESS) ; 
.................... #else 
.................... signed int16 read_adc_mcp3421(unsigned int8 address=MCP3421_ADDRESS) ; 
.................... #endif 
....................  
.................... float32 read_adc_volts_mcp3421(unsigned int8 address=MCP3421_ADDRESS) ; 
....................  
.................... #endif // debug  
....................  
....................  
.................... #endif	/* PIC_PH_H_ATLAS */ 
....................  
....................  
....................  
....................  
....................  
.................... //------------------Serial data receive interrupt-------------------------------------------------  
.................... /* 
.................... #INT_RDA  
.................... void  RDA_isr(void)  
.................... {    
....................    if(index_in_buffer_uart<=BUF_SIZE) { 
....................          
....................        
....................     if ( ( in_buffer[index_in_buffer_uart++]= getc() ) =='\0')  
....................   
....................     {    
....................         index_in_buffer_uart =0;  
....................         flag_monta_out_buffer=TRUE;  
....................          
....................     }  
....................        
....................    } 
....................  
....................    else index_in_buffer_uart =0; // retorna o index no inicio do vetor (sobreescreve o BUFFER) 
....................             
.................... }  
....................  
.................... */ 
....................  
.................... #INT_SSP // interrupcao I2C1 ( dispara a cada dado recebido ou dado enviado por SSP, chamando SSP_isr_slave ) 
.................... void SSP_isr_slave(void) // ISR associado a interrupcao INT_SSP  
.................... { 
....................     
....................    unsigned int8 state; 
....................    state = i2c_isr_state(I2C_PIC_SLAVE); 
*
0021:  MOVLB  04
0022:  BTFSC  14.5
0023:  GOTO   027
0024:  CLRF   73
0025:  BTFSC  14.2
0026:  BSF    73.7
0027:  MOVF   73,W
0028:  INCF   73,F
0029:  MOVWF  30
....................         
.................... if(state == 0x00 ) /*recebou o endereco do master( bit R/W =0 escrita), slave ira armazenar os dados vindos pelo master*/ 
002A:  MOVF   30,F
002B:  BTFSS  03.2
002C:  GOTO   034
....................     {  
....................       i2c_read(I2C_PIC_SLAVE);  
002D:  BCF    15.6
002E:  BTFSS  14.0
002F:  GOTO   02E
0030:  MOVF   11,W
0031:  BSF    15.4
....................       lendo_str_master = TRUE ; // usado para controlar  a flag_monta_out_buffer que é setada dps de um delay do TMR0 
0032:  BSF    70.0
....................       index_in_buffer=0;  
0033:  CLRF   72
....................     } 
....................     
.................... if(state == 0x80)  { i2c_read(I2C_PIC_SLAVE,2); index_out_buffer=0 ; }// recebeu o endereco do master (bit R/W =1 leitura), slave deve responder a requisicao de leitura do master; e reinicia o indice do buffer tbm          
0034:  MOVF   30,W
0035:  SUBLW  80
0036:  BTFSC  03.2
0037:  CLRF   71
....................  
.................... if(state >= 0x80) {  
0038:  MOVF   30,W
0039:  SUBLW  7F
003A:  BTFSC  03.0
003B:  GOTO   058
....................      
....................     if(index_out_buffer<=BUF_SIZE) { 
003C:  MOVF   71,W
003D:  SUBLW  28
003E:  BTFSS  03.0
003F:  GOTO   057
....................          
....................     // slave respondendo a requisicao do master 
....................     i2c_write(I2C_PIC_SLAVE, out_buffer[index_out_buffer] ); 
0040:  MOVLW  33
0041:  ADDWF  71,W
0042:  MOVWF  04
0043:  MOVLW  20
0044:  MOVWF  05
0045:  BTFSC  03.0
0046:  INCF   05,F
0047:  MOVF   00,W
0048:  MOVWF  32
0049:  MOVF   32,W
004A:  MOVWF  33
....................     index_out_buffer++ ;  
*
0056:  INCF   71,F
....................      
....................     } 
.................... } 
0057:  GOTO   06D
....................  
....................     
.................... else{ 
....................  if(state > 0x00) { // master escrevendo em slave 
0058:  MOVF   30,F
0059:  BTFSC  03.2
005A:  GOTO   06D
....................      
....................      if(index_in_buffer<=BUF_SIZE) { 
005B:  MOVF   72,W
005C:  SUBLW  28
005D:  BTFSS  03.0
005E:  GOTO   06D
....................     in_buffer[index_in_buffer] = i2c_read(I2C_PIC_SLAVE) ;// o slave lê só até o byte BUF_SIZE-1 ou até receber um caracter nulo; O slave envia  um nack para o mestre na leitura desse byte(ultimo byte) informando para o mestre gerar um stop no protocolo(parar de enviar dados))  
005F:  MOVLW  0A
0060:  ADDWF  72,W
0061:  MOVWF  04
0062:  MOVLW  20
0063:  MOVWF  05
0064:  BTFSC  03.0
0065:  INCF   05,F
0066:  BCF    15.6
0067:  BTFSS  14.0
0068:  GOTO   067
0069:  MOVF   11,W
006A:  BSF    15.4
006B:  MOVWF  00
....................     index_in_buffer++ ; 
006C:  INCF   72,F
....................          }   
....................      } 
....................   } 
006D:  MOVLB  00
006E:  BCF    11.3
006F:  MOVLP  00
0070:  GOTO   016
.................... } // fim isr_slave 
....................  
.................... void main() 
*
0D46:  MOVLW  55
0D47:  MOVLB  1C
0D48:  MOVWF  0F
0D49:  MOVLW  AA
0D4A:  MOVWF  0F
0D4B:  BCF    0F.0
0D4C:  MOVLW  14
0D4D:  MOVWF  1D
0D4E:  MOVLW  15
0D4F:  MOVWF  1E
0D50:  MOVLW  10
0D51:  MOVWF  20
0D52:  MOVLW  11
0D53:  MOVWF  21
0D54:  MOVLW  18
0D55:  MOVLB  1D
0D56:  MOVWF  20
0D57:  MOVLW  19
0D58:  MOVWF  21
0D59:  MOVLW  1A
0D5A:  MOVWF  24
0D5B:  MOVLW  1B
0D5C:  MOVWF  25
0D5D:  MOVLW  55
0D5E:  MOVLB  1C
0D5F:  MOVWF  0F
0D60:  MOVLW  AA
0D61:  MOVWF  0F
0D62:  BSF    0F.0
0D63:  MOVLB  12
0D64:  CLRF   1E
0D65:  CLRF   1B
0D66:  CLRF   1D
0D67:  MOVLW  06
0D68:  MOVWF  1F
0D69:  MOVLW  60
0D6A:  MOVWF  19
0D6B:  BCF    70.0
0D6C:  MOVLB  03
0D6D:  CLRF   42
0D6E:  CLRF   41
0D6F:  MOVLW  48
0D70:  MOVWF  40
0D71:  MOVLW  83
0D72:  MOVWF  3F
0D73:  MOVLW  03
0D74:  MOVWF  73
0D75:  CLRF   44
0D76:  CLRF   43
0D77:  CLRF   0C
0D78:  CLRF   0E
0D79:  MOVLB  02
0D7A:  CLRF   12
0D7B:  CLRF   11
0D7C:  CLRF   14
0D7D:  CLRF   13
0D7E:  GOTO   60E
0D7F:  DATA 02,34
0D80:  DATA 00,34
0D81:  DATA 24,34
0D82:  DATA 00,34
0D83:  DATA 00,34
0D84:  DATA 2B,34
0D85:  DATA 40,34
0D86:  DATA AC,34
0D87:  DATA 00,34
0D88:  DATA 03,34
0D89:  DATA 80,34
0D8A:  DATA 45,34
0D8B:  DATA 52,34
0D8C:  DATA 52,34
0D8D:  DATA 05,34
0D8E:  DATA C0,34
0D8F:  DATA 00,34
0D90:  DATA 04,34
0D91:  DATA 80,34
0D92:  DATA 42,34
0D93:  DATA 41,34
0D94:  DATA 55,34
0D95:  DATA 44,34
0D96:  DATA 04,34
0D97:  DATA C0,34
0D98:  DATA 00,34
0D99:  DATA 03,34
0D9A:  DATA 80,34
0D9B:  DATA 43,34
0D9C:  DATA 41,34
0D9D:  DATA 4C,34
0D9E:  DATA 05,34
0D9F:  DATA C0,34
0DA0:  DATA 00,34
0DA1:  DATA 01,34
0DA2:  DATA 80,34
0DA3:  DATA 45,34
0DA4:  DATA 13,34
0DA5:  DATA 01,34
0DA6:  DATA 20,34
0DA7:  DATA 58,34
0DA8:  DATA 50,34
0DA9:  DATA 4F,34
0DAA:  DATA 52,34
0DAB:  DATA 54,34
0DAC:  DATA 00,34
0DAD:  DATA 00,34
0DAE:  DATA 46,34
0DAF:  DATA 41,34
0DB0:  DATA 43,34
0DB1:  DATA 54,34
0DB2:  DATA 4F,34
0DB3:  DATA 52,34
0DB4:  DATA 59,34
0DB5:  DATA 00,34
0DB6:  DATA 46,34
0DB7:  DATA 49,34
0DB8:  DATA 4E,34
0DB9:  DATA 44,34
0DBA:  DATA 04,34
0DBB:  DATA C0,34
0DBC:  DATA 00,34
0DBD:  DATA 01,34
0DBE:  DATA 80,34
0DBF:  DATA 49,34
0DC0:  DATA 07,34
0DC1:  DATA C0,34
0DC2:  DATA 00,34
0DC3:  DATA 03,34
0DC4:  DATA 80,34
0DC5:  DATA 49,34
0DC6:  DATA 32,34
0DC7:  DATA 43,34
0DC8:  DATA 05,34
0DC9:  DATA C0,34
0DCA:  DATA 00,34
0DCB:  DATA 09,34
0DCC:  DATA 80,34
0DCD:  DATA 49,34
0DCE:  DATA 4D,34
0DCF:  DATA 50,34
0DD0:  DATA 4F,34
0DD1:  DATA 52,34
0DD2:  DATA 54,34
0DD3:  DATA 00,34
0DD4:  DATA 00,34
0DD5:  DATA 4C,34
0DD6:  DATA 07,34
0DD7:  DATA C0,34
0DD8:  DATA 00,34
0DD9:  DATA 09,34
0DDA:  DATA 80,34
0DDB:  DATA 50,34
0DDC:  DATA 4C,34
0DDD:  DATA 4F,34
0DDE:  DATA 43,34
0DDF:  DATA 4B,34
0DE0:  DATA 00,34
0DE1:  DATA 00,34
0DE2:  DATA 00,34
0DE3:  DATA 52,34
0DE4:  DATA 07,34
0DE5:  DATA C0,34
0DE6:  DATA 00,34
0DE7:  DATA 09,34
0DE8:  DATA 80,34
0DE9:  DATA 53,34
0DEA:  DATA 4C,34
0DEB:  DATA 45,34
0DEC:  DATA 45,34
0DED:  DATA 50,34
0DEE:  DATA 00,34
0DEF:  DATA 00,34
0DF0:  DATA 00,34
0DF1:  DATA 53,34
0DF2:  DATA 10,34
0DF3:  DATA 01,34
0DF4:  DATA A0,34
0DF5:  DATA 4C,34
0DF6:  DATA 4F,34
0DF7:  DATA 50,34
0DF8:  DATA 45,34
0DF9:  DATA 00,34
0DFA:  DATA 00,34
0DFB:  DATA 00,34
0DFC:  DATA 53,34
0DFD:  DATA 54,34
0DFE:  DATA 41,34
0DFF:  DATA 54,34
0E00:  DATA 55,34
0E01:  DATA 53,34
0E02:  DATA 00,34
0E03:  DATA 00,34
0E04:  DATA 54,34
0E05:  DATA 07,34
0E06:  DATA C0,34
0E07:  DATA 00,34
0E08:  DATA 03,34
0E09:  DATA 80,34
0E0A:  DATA 52,34
0E0B:  DATA 54,34
0E0C:  DATA 00,34
0E0D:  DATA 00,34
0E0E:  MOVLW  0D
0E0F:  MOVWF  05
0E10:  MOVLW  7F
0E11:  MOVWF  04
0E12:  BSF    05.7
0E13:  MOVIW  [FSR0++],W
0E14:  MOVWF  77
0E15:  XORLW  00
0E16:  BTFSC  03.2
0E17:  GOTO   628
0E18:  MOVIW  [FSR0++],W
0E19:  MOVWF  78
0E1A:  BTFSC  78.7
0E1B:  GOTO   620
0E1C:  ANDLW  0F
0E1D:  MOVWF  07
0E1E:  MOVIW  [FSR0++],W
0E1F:  MOVWF  06
0E20:  BTFSC  78.6
0E21:  MOVIW  [FSR0++],W
0E22:  BTFSS  78.6
0E23:  MOVIW  [FSR0++],W
0E24:  MOVWI  W,[FSR1++]
0E25:  DECFSZ 77,F
0E26:  GOTO   622
0E27:  GOTO   613
.................... {    
....................  
....................     config_PIC() ; 
0E28:  MOVLP  00
0E29:  MOVLB  00
0E2A:  GOTO   086
0E2B:  MOVLP  08
....................     
....................      
....................     unsigned int1 flag_monta_out_buffer= FALSE ;// flag para montar o vetor out_buffer 
0E2C:  MOVLB  03
0E2D:  BCF    45.0
....................      
....................     while(TRUE) 
....................     {  
....................      if(in_buffer[0]!='\0'){ // analisa in_buffer apenas se ele for não nulo 
0E2E:  MOVLB  00
0E2F:  MOVF   2A,F
0E30:  BTFSC  03.2
0E31:  GOTO   6B6
....................           
....................       // delay de leitura do in_buffer I2C 
....................       if(lendo_str_master) {  
0E32:  BTFSS  70.0
0E33:  GOTO   651
....................           set_timer0(0);// timer0 comeca a contar do 0 (incrementando a cada 512us; para um delay de 30ms=512us*N_incrementos => N_incrementos=58.59375~ 59)   
0E34:  BTFSC  17.4
0E35:  CLRF   16
0E36:  CLRF   15
....................           while(get_timer0()<=59){;} // delay de ~30ms 
0E37:  MOVF   15,W
0E38:  MOVWF  77
0E39:  BTFSC  17.4
0E3A:  MOVF   16,W
0E3B:  MOVWF  7A
0E3C:  BTFSS  17.4
0E3D:  CLRF   7A
0E3E:  MOVF   77,W
0E3F:  MOVLB  03
0E40:  MOVWF  4A
0E41:  MOVF   7A,W
0E42:  MOVWF  4B
0E43:  MOVF   4B,F
0E44:  BTFSS  03.2
0E45:  GOTO   64D
0E46:  MOVF   4A,W
0E47:  SUBLW  3B
0E48:  BTFSS  03.0
0E49:  GOTO   64D
0E4A:  MOVLB  00
0E4B:  GOTO   637
0E4C:  MOVLB  03
....................            
....................           flag_monta_out_buffer= TRUE ; 
0E4D:  BSF    45.0
....................           in_buffer[BUF_SIZE]='\0'; // adiciona o caracter nulo para formar a string in_buffer 
0E4E:  MOVLB  00
0E4F:  CLRF   52
....................            
....................           lendo_str_master= FALSE ;  
0E50:  BCF    70.0
....................       } // habilita a montagem do vetor out_buffer quando tiver preenchido o buffer de entrada (recebido todo o comando do mestre )get_timer0() >=59 
....................                
....................        
....................       if(flag_monta_out_buffer==TRUE)  
0E51:  MOVLB  03
0E52:  BTFSS  45.0
0E53:  GOTO   6B5
....................       { 
....................             flag_monta_out_buffer=FALSE ;  
0E54:  BCF    45.0
....................             RESET_out_buffers ; // reseta out_buffer, CMD,CMD2 e VALOR 
0E55:  CLRF   46
0E56:  MOVF   46,W
0E57:  SUBLW  28
0E58:  BTFSS  03.0
0E59:  GOTO   688
0E5A:  MOVLW  33
0E5B:  ADDWF  46,W
0E5C:  MOVWF  04
0E5D:  MOVLW  20
0E5E:  MOVWF  05
0E5F:  BTFSC  03.0
0E60:  INCF   05,F
0E61:  CLRF   00
0E62:  MOVF   46,W
0E63:  SUBLW  07
0E64:  BTFSS  03.0
0E65:  GOTO   66E
0E66:  MOVLW  5C
0E67:  ADDWF  46,W
0E68:  MOVWF  04
0E69:  MOVLW  20
0E6A:  MOVWF  05
0E6B:  BTFSC  03.0
0E6C:  INCF   05,F
0E6D:  CLRF   00
0E6E:  MOVF   46,W
0E6F:  SUBLW  05
0E70:  BTFSS  03.0
0E71:  GOTO   67A
0E72:  MOVLW  64
0E73:  ADDWF  46,W
0E74:  MOVWF  04
0E75:  MOVLW  20
0E76:  MOVWF  05
0E77:  BTFSC  03.0
0E78:  INCF   05,F
0E79:  CLRF   00
0E7A:  MOVF   46,W
0E7B:  SUBLW  1C
0E7C:  BTFSS  03.0
0E7D:  GOTO   686
0E7E:  MOVLW  6A
0E7F:  ADDWF  46,W
0E80:  MOVWF  04
0E81:  MOVLW  20
0E82:  MOVWF  05
0E83:  BTFSC  03.0
0E84:  INCF   05,F
0E85:  CLRF   00
0E86:  INCF   46,F
0E87:  GOTO   656
....................  
....................             int1 parseamento_ok= parsing_in_buffer(in_buffer); 
0E88:  MOVLW  20
0E89:  MOVWF  4B
0E8A:  MOVLW  0A
0E8B:  MOVWF  4A
0E8C:  MOVLP  00
0E8D:  MOVLB  00
0E8E:  GOTO   0D7
0E8F:  MOVLP  08
0E90:  MOVLB  03
0E91:  BCF    45.1
0E92:  BTFSC  78.0
0E93:  BSF    45.1
....................  
....................             if(parseamento_ok) 
0E94:  BTFSS  45.1
0E95:  GOTO   6A6
....................             { 
....................               int8 cmd_identificado = identifica_comando(CMD) ; 
0E96:  MOVLW  20
0E97:  MOVWF  4B
0E98:  MOVLW  5C
0E99:  MOVWF  4A
0E9A:  MOVLP  00
0E9B:  MOVLB  00
0E9C:  GOTO   292
0E9D:  MOVLP  08
0E9E:  MOVF   78,W
0E9F:  MOVLB  03
0EA0:  MOVWF  47
....................               monta_out_buffer(cmd_identificado);  
0EA1:  MOVF   47,W
0EA2:  MOVWF  4A
0EA3:  MOVLB  00
0EA4:  GOTO   2B8
0EA5:  MOVLB  03
....................             } 
....................  
....................             // fprintf(UART_PIC,"%s", in_buffer) ; 
....................            RESET_in_buffer ; // limpa o in_buffer (deixa limpo  para um proximo comando) 
0EA6:  CLRF   48
0EA7:  MOVF   48,W
0EA8:  SUBLW  28
0EA9:  BTFSS  03.0
0EAA:  GOTO   6B5
0EAB:  MOVLW  0A
0EAC:  ADDWF  48,W
0EAD:  MOVWF  04
0EAE:  MOVLW  20
0EAF:  MOVWF  05
0EB0:  BTFSC  03.0
0EB1:  INCF   05,F
0EB2:  CLRF   00
0EB3:  INCF   48,F
0EB4:  GOTO   6A7
0EB5:  MOVLB  00
....................      
....................       } // fim if flag_monta_out_buffer   
....................        
....................      } //fim de monitora se in_buffer não nulo 
0EB6:  GOTO   62F
....................     } // fim loop    
.................... } // fim main 
....................  
0EB7:  SLEEP
.................... void config_PIC(void)  
.................... {    
....................     
....................     enable_interrupts(INT_SSP); // habilita a interrupcao de uma atividade em MSSP1 (interrupcao da I2C PIC SLAVE)  
*
0086:  MOVLB  01
0087:  BSF    11.3
....................     // enable_interrupts(INT_RDA); // habilita a interrupcao recieve data rs232 
....................     enable_interrupts(GLOBAL); // habilita todas as interrupcoes unmasked, que foram habilitadas anteriormente dessa chamada 
0088:  MOVLW  C0
0089:  IORWF  0B,F
....................      
....................     i2c_init(I2C_PIC_SLAVE,1); // inicia I2C1 (modo slave)  
008A:  BSF    0E.0
008B:  BSF    0E.1
008C:  MOVLB  04
008D:  BCF    17.0
008E:  BCF    17.1
008F:  BCF    17.3
0090:  MOVLW  A0
0091:  MOVWF  12
0092:  MOVLW  36
0093:  MOVWF  15
0094:  BSF    16.0
0095:  BSF    16.7
....................      
....................     i2c_init( MCP3421_STREAM,1); // inicia I2C2 (MCP3421)  
0096:  MOVLB  01
0097:  BSF    0E.4
0098:  BSF    0E.5
0099:  MOVLB  04
009A:  BCF    1F.0
009B:  BCF    1F.1
009C:  BCF    1F.3
009D:  MOVLW  09
009E:  MOVWF  1A
009F:  MOVLW  28
00A0:  MOVWF  1D
00A1:  BCF    1C.7
00A2:  BCF    1C.6
....................     adc_init(MCP3421_ADDRESS);// envia a configuração inicial para o MCP3421 
00A3:  MOVLW  01
00A4:  MOVLB  03
00A5:  MOVWF  4C
....................       
....................    // setup_uart(TRUE,UART_PIC); // inicia a UART 
....................                
....................    //setup_dac(DAC_VSS_VDD | DAC_OUTPUT);                // setup conversor digital para analógico (5 bits) 
....................    
....................    //dac_write(4);//(5/31)*4 V                                    // Write DAC value 0-31 (5 bits)/*            
....................      
....................     /*Cálculo de parametros associados a interrupcao de TMR0(por overflow) 
....................     FCLK- frequência do clock que o pic utiliza ; Neste caso FCLK= internal=16MHZ 
....................     Fout? The output frequency after the division.  
....................     Tout ? The Cycle Time after the division. (periodo da interrupcao) 
....................     4 - The division of the original clock (4 MHz) by 4, when using internal crystal as clock (and not external oscillator).  
....................     Count - A numeric value to be placed to obtain the desired output frequency - Fout. (fator necessário para ajustar Tout/Fout desejado) 
....................     (256 - TMR0) - The number of times in the timer will count based on the register TMR0. (Ajusta até onde o timer iira contar) 
....................      // 256 usando o timer no modo 8 bits, ou T0_16_BIT 
....................       
....................      // Fout= FCLK/(4*Prescaler*(2^8-TMR0)*Count); // modo 8 bits 
....................      // Fout= FCLK/(4*Prescaler*(2^16-TMR0)*Count); // modo 16 bits 
....................    
....................       
....................      Para: 
....................      TMR0=0; //valor inicial 
....................      FCLK= internal=16MHZ 
....................      tempo_TMR0_incremento=1/(FCLK/(4*Prescaler) ) =>  // tempo_TMR0_incremento= (Prescaler/4)us 
....................      TMR0(max modo 16 bits)=2^16 -1 (16bits) ( 2^16 incrementos para o overflow=>TMR0=0 
....................       
....................      */ 
....................     setup_timer_0(T0_INTERNAL|T0_DIV_2048| T0_16_BIT); //TMR0 incrementa a cada 512us 
*
00BB:  MOVLW  90
00BC:  MOVLB  00
00BD:  MOVWF  17
00BE:  MOVLW  4B
00BF:  MOVWF  18
....................      
....................      
.................... TRISA1=0; // configura o pino do led como saída 
00C0:  MOVLB  01
00C1:  BCF    0C.1
.................... LATA1=0; // led A1 comeca desligado 
00C2:  MOVLB  02
00C3:  BCF    0C.1
....................  
....................     
....................     RESET_in_buffer ; 
00C4:  MOVLB  03
00C5:  CLRF   4A
00C6:  MOVF   4A,W
00C7:  SUBLW  28
00C8:  BTFSS  03.0
00C9:  GOTO   0D4
00CA:  MOVLW  0A
00CB:  ADDWF  4A,W
00CC:  MOVWF  04
00CD:  MOVLW  20
00CE:  MOVWF  05
00CF:  BTFSC  03.0
00D0:  INCF   05,F
00D1:  CLRF   00
00D2:  INCF   4A,F
00D3:  GOTO   0C6
00D4:  MOVLP  08
00D5:  MOVLB  00
00D6:  GOTO   62B (RETURN)
.................... } 
....................  
....................  
.................... int1 parsing_in_buffer(char *rcv_buffer) { 
00D7:  MOVLB  03
00D8:  CLRF   4C
....................     
....................  unsigned int8 num_separadores=0; 
....................  unsigned int8 index_separador_1 ; 
....................  unsigned int8 index_separador_2 ; 
....................  const char separador=','; 
....................   
....................  for( int i=0; rcv_buffer[i]!='\0'; i++) {  
00D9:  CLRF   4F
00DA:  MOVF   4F,W
00DB:  ADDWF  4A,W
00DC:  MOVWF  04
00DD:  MOVLW  00
00DE:  ADDWFC 4B,W
00DF:  MOVWF  05
00E0:  MOVF   00,F
00E1:  BTFSC  03.2
00E2:  GOTO   11E
....................      rcv_buffer[i]=toupper(rcv_buffer[i]) ; /*coloca todo os caracteres 
00E3:  MOVF   4F,W
00E4:  ADDWF  4A,W
00E5:  MOVWF  78
00E6:  MOVLW  00
00E7:  ADDWFC 4B,W
00E8:  MOVWF  7A
00E9:  MOVF   78,W
00EA:  MOVWF  55
00EB:  MOVF   7A,W
00EC:  MOVWF  56
00ED:  MOVF   4F,W
00EE:  ADDWF  4A,W
00EF:  MOVWF  04
00F0:  MOVLW  00
00F1:  ADDWFC 4B,W
00F2:  MOVWF  05
00F3:  MOVF   00,W
00F4:  MOVWF  57
00F5:  SUBLW  60
00F6:  BTFSC  03.0
00F7:  GOTO   0FF
00F8:  MOVF   57,W
00F9:  SUBLW  7A
00FA:  BTFSS  03.0
00FB:  GOTO   0FF
00FC:  MOVF   57,W
00FD:  ANDLW  DF
00FE:  GOTO   100
00FF:  MOVF   57,W
0100:  MOVWF  57
0101:  MOVF   56,W
0102:  MOVWF  05
0103:  MOVF   55,W
0104:  MOVWF  04
0105:  MOVF   57,W
0106:  MOVWF  00
....................  de in_buffer pra maiusculo para que o usuario possa mandar comandos com caracteres minusculos e/ou maiusculos*/  
....................     if(rcv_buffer[i]==separador) { 
0107:  MOVF   4F,W
0108:  ADDWF  4A,W
0109:  MOVWF  04
010A:  MOVLW  00
010B:  ADDWFC 4B,W
010C:  MOVWF  05
010D:  MOVF   00,W
010E:  SUBLW  2C
010F:  BTFSS  03.2
0110:  GOTO   11C
....................         num_separadores++;  // conta o numero de separadores do comando enviado para o pic 
0111:  INCF   4C,F
....................         // guarda o indice de onde ocorrem os separadores 
....................         if(num_separadores==1) index_separador_1=i; 
0112:  DECFSZ 4C,W
0113:  GOTO   116
0114:  MOVF   4F,W
0115:  MOVWF  4D
....................         if(num_separadores==2) index_separador_2=i; 
0116:  MOVF   4C,W
0117:  SUBLW  02
0118:  BTFSS  03.2
0119:  GOTO   11C
011A:  MOVF   4F,W
011B:  MOVWF  4E
....................           }      
011C:  INCF   4F,F
011D:  GOTO   0DA
....................  } 
....................   
....................  
....................  switch(num_separadores){ 
011E:  MOVF   4C,W
011F:  XORLW  00
0120:  MOVLB  00
0121:  BTFSC  03.2
0122:  GOTO   12A
0123:  XORLW  01
0124:  BTFSC  03.2
0125:  GOTO   154
0126:  XORLW  03
0127:  BTFSC  03.2
0128:  GOTO   1B4
0129:  GOTO   246
....................      case 0:  // não tem separador=> CMD= in_buffer 
....................            int i ; 
....................            for( i=0; i<=LEN_MAX_CMD; i++) CMD[i]= rcv_buffer[i] ;     
012A:  MOVLB  03
012B:  CLRF   50
012C:  MOVF   50,W
012D:  SUBLW  07
012E:  BTFSS  03.0
012F:  GOTO   14B
0130:  MOVLW  5C
0131:  ADDWF  50,W
0132:  MOVWF  78
0133:  MOVLW  20
0134:  MOVWF  7A
0135:  BTFSC  03.0
0136:  INCF   7A,F
0137:  MOVF   78,W
0138:  MOVWF  55
0139:  MOVF   7A,W
013A:  MOVWF  56
013B:  MOVF   50,W
013C:  ADDWF  4A,W
013D:  MOVWF  04
013E:  MOVLW  00
013F:  ADDWFC 4B,W
0140:  MOVWF  05
0141:  MOVF   00,W
0142:  MOVWF  57
0143:  MOVF   56,W
0144:  MOVWF  05
0145:  MOVF   55,W
0146:  MOVWF  04
0147:  MOVF   57,W
0148:  MOVWF  00
0149:  INCF   50,F
014A:  GOTO   12C
....................            CMD[i]='\0'; 
014B:  MOVLW  5C
014C:  ADDWF  50,W
014D:  MOVWF  04
014E:  MOVLW  20
014F:  MOVWF  05
0150:  BTFSC  03.0
0151:  INCF   05,F
0152:  CLRF   00
....................            break;   
0153:  GOTO   24C
....................      case 1: // só tem um separadores => comando é da forma CMD,VALOR 
....................             { 
....................               int i ; 
....................               for( i=0; rcv_buffer[i]!='\0'; i++) { 
0154:  MOVLB  03
0155:  CLRF   51
0156:  MOVF   51,W
0157:  ADDWF  4A,W
0158:  MOVWF  04
0159:  MOVLW  00
015A:  ADDWFC 4B,W
015B:  MOVWF  05
015C:  MOVF   00,F
015D:  BTFSC  03.2
015E:  GOTO   1A9
....................                   if(i<index_separador_1) CMD[i]= rcv_buffer[i] ; 
015F:  MOVF   4D,W
0160:  SUBWF  51,W
0161:  BTFSC  03.0
0162:  GOTO   17C
0163:  MOVLW  5C
0164:  ADDWF  51,W
0165:  MOVWF  78
0166:  MOVLW  20
0167:  MOVWF  7A
0168:  BTFSC  03.0
0169:  INCF   7A,F
016A:  MOVF   78,W
016B:  MOVWF  55
016C:  MOVF   7A,W
016D:  MOVWF  56
016E:  MOVF   51,W
016F:  ADDWF  4A,W
0170:  MOVWF  04
0171:  MOVLW  00
0172:  ADDWFC 4B,W
0173:  MOVWF  05
0174:  MOVF   00,W
0175:  MOVWF  57
0176:  MOVF   56,W
0177:  MOVWF  05
0178:  MOVF   55,W
0179:  MOVWF  04
017A:  MOVF   57,W
017B:  MOVWF  00
....................                   if(i==index_separador_1) CMD[i]='\0'; 
017C:  MOVF   4D,W
017D:  SUBWF  51,W
017E:  BTFSS  03.2
017F:  GOTO   188
0180:  MOVLW  5C
0181:  ADDWF  51,W
0182:  MOVWF  04
0183:  MOVLW  20
0184:  MOVWF  05
0185:  BTFSC  03.0
0186:  INCF   05,F
0187:  CLRF   00
....................                   if(i>index_separador_1) VALOR[i-(index_separador_1 +1)]= rcv_buffer[i] ; 
0188:  MOVF   51,W
0189:  SUBWF  4D,W
018A:  BTFSC  03.0
018B:  GOTO   1A7
018C:  MOVLW  01
018D:  ADDWF  4D,W
018E:  SUBWF  51,W
018F:  ADDLW  6A
0190:  MOVWF  78
0191:  MOVLW  20
0192:  MOVWF  7A
0193:  BTFSC  03.0
0194:  INCF   7A,F
0195:  MOVF   78,W
0196:  MOVWF  55
0197:  MOVF   7A,W
0198:  MOVWF  56
0199:  MOVF   51,W
019A:  ADDWF  4A,W
019B:  MOVWF  04
019C:  MOVLW  00
019D:  ADDWFC 4B,W
019E:  MOVWF  05
019F:  MOVF   00,W
01A0:  MOVWF  57
01A1:  MOVF   56,W
01A2:  MOVWF  05
01A3:  MOVF   55,W
01A4:  MOVWF  04
01A5:  MOVF   57,W
01A6:  MOVWF  00
01A7:  INCF   51,F
01A8:  GOTO   156
....................                        } 
....................               VALOR[i-(index_separador_1 +1)]= '\0' ; 
01A9:  MOVLW  01
01AA:  ADDWF  4D,W
01AB:  SUBWF  51,W
01AC:  ADDLW  6A
01AD:  MOVWF  04
01AE:  MOVLW  20
01AF:  MOVWF  05
01B0:  BTFSC  03.0
01B1:  INCF   05,F
01B2:  CLRF   00
....................               } 
....................          break;  
01B3:  GOTO   24C
....................      case 2: // tem dois  separadores => comando é da forma CMD,CMD2,VALOR 
....................             { 
....................              int i ; 
....................              for( i=0; rcv_buffer[i]!='\0'; i++) { 
01B4:  MOVLB  03
01B5:  CLRF   52
01B6:  MOVF   52,W
01B7:  ADDWF  4A,W
01B8:  MOVWF  04
01B9:  MOVLW  00
01BA:  ADDWFC 4B,W
01BB:  MOVWF  05
01BC:  MOVF   00,F
01BD:  BTFSC  03.2
01BE:  GOTO   23A
....................                          if(i<index_separador_1) CMD[i]= rcv_buffer[i] ; 
01BF:  MOVF   4D,W
01C0:  SUBWF  52,W
01C1:  BTFSC  03.0
01C2:  GOTO   1DC
01C3:  MOVLW  5C
01C4:  ADDWF  52,W
01C5:  MOVWF  78
01C6:  MOVLW  20
01C7:  MOVWF  7A
01C8:  BTFSC  03.0
01C9:  INCF   7A,F
01CA:  MOVF   78,W
01CB:  MOVWF  55
01CC:  MOVF   7A,W
01CD:  MOVWF  56
01CE:  MOVF   52,W
01CF:  ADDWF  4A,W
01D0:  MOVWF  04
01D1:  MOVLW  00
01D2:  ADDWFC 4B,W
01D3:  MOVWF  05
01D4:  MOVF   00,W
01D5:  MOVWF  57
01D6:  MOVF   56,W
01D7:  MOVWF  05
01D8:  MOVF   55,W
01D9:  MOVWF  04
01DA:  MOVF   57,W
01DB:  MOVWF  00
....................                          if(i==index_separador_1) CMD[i]='\0'; 
01DC:  MOVF   4D,W
01DD:  SUBWF  52,W
01DE:  BTFSS  03.2
01DF:  GOTO   1E8
01E0:  MOVLW  5C
01E1:  ADDWF  52,W
01E2:  MOVWF  04
01E3:  MOVLW  20
01E4:  MOVWF  05
01E5:  BTFSC  03.0
01E6:  INCF   05,F
01E7:  CLRF   00
....................                          if((i>index_separador_1)&&(i<index_separador_2)) CMD2[i-(index_separador_1 +1)]= rcv_buffer[i]; 
01E8:  MOVF   52,W
01E9:  SUBWF  4D,W
01EA:  BTFSC  03.0
01EB:  GOTO   20B
01EC:  MOVF   4E,W
01ED:  SUBWF  52,W
01EE:  BTFSC  03.0
01EF:  GOTO   20B
01F0:  MOVLW  01
01F1:  ADDWF  4D,W
01F2:  SUBWF  52,W
01F3:  ADDLW  64
01F4:  MOVWF  78
01F5:  MOVLW  20
01F6:  MOVWF  7A
01F7:  BTFSC  03.0
01F8:  INCF   7A,F
01F9:  MOVF   78,W
01FA:  MOVWF  55
01FB:  MOVF   7A,W
01FC:  MOVWF  56
01FD:  MOVF   52,W
01FE:  ADDWF  4A,W
01FF:  MOVWF  04
0200:  MOVLW  00
0201:  ADDWFC 4B,W
0202:  MOVWF  05
0203:  MOVF   00,W
0204:  MOVWF  57
0205:  MOVF   56,W
0206:  MOVWF  05
0207:  MOVF   55,W
0208:  MOVWF  04
0209:  MOVF   57,W
020A:  MOVWF  00
....................                          if(i==index_separador_2) CMD2[i-(index_separador_1 +1)]='\0';  
020B:  MOVF   4E,W
020C:  SUBWF  52,W
020D:  BTFSS  03.2
020E:  GOTO   219
020F:  MOVLW  01
0210:  ADDWF  4D,W
0211:  SUBWF  52,W
0212:  ADDLW  64
0213:  MOVWF  04
0214:  MOVLW  20
0215:  MOVWF  05
0216:  BTFSC  03.0
0217:  INCF   05,F
0218:  CLRF   00
....................                          if(i>index_separador_2) VALOR[i-(index_separador_2 +1)]= rcv_buffer[i] ;     
0219:  MOVF   52,W
021A:  SUBWF  4E,W
021B:  BTFSC  03.0
021C:  GOTO   238
021D:  MOVLW  01
021E:  ADDWF  4E,W
021F:  SUBWF  52,W
0220:  ADDLW  6A
0221:  MOVWF  78
0222:  MOVLW  20
0223:  MOVWF  7A
0224:  BTFSC  03.0
0225:  INCF   7A,F
0226:  MOVF   78,W
0227:  MOVWF  55
0228:  MOVF   7A,W
0229:  MOVWF  56
022A:  MOVF   52,W
022B:  ADDWF  4A,W
022C:  MOVWF  04
022D:  MOVLW  00
022E:  ADDWFC 4B,W
022F:  MOVWF  05
0230:  MOVF   00,W
0231:  MOVWF  57
0232:  MOVF   56,W
0233:  MOVWF  05
0234:  MOVF   55,W
0235:  MOVWF  04
0236:  MOVF   57,W
0237:  MOVWF  00
0238:  INCF   52,F
0239:  GOTO   1B6
....................                     } 
....................              VALOR[i-(index_separador_2 +1) ]= '\0' ; 
023A:  MOVLW  01
023B:  ADDWF  4E,W
023C:  SUBWF  52,W
023D:  ADDLW  6A
023E:  MOVWF  04
023F:  MOVLW  20
0240:  MOVWF  05
0241:  BTFSC  03.0
0242:  INCF   05,F
0243:  CLRF   00
....................          } 
....................          break;       
0244:  GOTO   24C
0245:  MOVLB  00
....................      default: // o comando não é de nenhuma forma esperada=> erro de sintaxe 
....................          out_buffer[0]= 2; // 2 sintax error  "Excesso de separador" 
0246:  MOVLW  02
0247:  MOVWF  53
....................          return FALSE ; // erro de sintaxe durante o parseamento (número inesperado de separadores) 
0248:  MOVLW  00
0249:  MOVWF  78
024A:  GOTO   24F
....................          break; 
024B:  MOVLB  03
....................  } 
....................   
....................  return TRUE ; // caso o parseamento ocorra com sucesso (sem erro de sintaxe em relação a separação (não detecta se os argumentos dos comandos são corretos, somente a forma do comando)) 
024C:  MOVLW  01
024D:  MOVWF  78
024E:  MOVLB  00
024F:  MOVLP  08
0250:  GOTO   68F (RETURN)
....................  //#endif 
....................  
.................... } 
....................  
....................  
.................... int8 identifica_comando( char * comando) { 
.................... /*Identiicacao de qual comando foi recebido pelo PIC*/ 
.................... for( int8 cmd= cmd_err; cmd<=cmd_RT  ; cmd++ ) { // varre do primeiro comando ao ultimo da lista 
*
0292:  MOVLB  03
0293:  CLRF   4C
0294:  MOVF   4C,W
0295:  SUBLW  10
0296:  BTFSS  03.0
0297:  GOTO   2BE
....................   if ( strcmp(comando, lista_comandos[cmd] )== 0 ){ return cmd ;   } 
0298:  RLF    4C,W
0299:  MOVWF  77
029A:  RLF    77,F
029B:  RLF    77,F
029C:  MOVLW  F8
029D:  ANDWF  77,F
029E:  MOVF   77,W
029F:  ADDLW  87
02A0:  MOVWF  78
02A1:  MOVLW  20
02A2:  MOVWF  7A
02A3:  BTFSC  03.0
02A4:  INCF   7A,F
02A5:  MOVF   78,W
02A6:  MOVWF  4E
02A7:  MOVF   7A,W
02A8:  MOVWF  4F
02A9:  MOVF   4B,W
02AA:  MOVWF  51
02AB:  MOVF   4A,W
02AC:  MOVWF  50
02AD:  MOVF   4F,W
02AE:  MOVWF  53
02AF:  MOVF   4E,W
02B0:  MOVWF  52
02B1:  MOVLB  00
02B2:  CALL   251
02B3:  MOVF   78,F
02B4:  BTFSS  03.2
02B5:  GOTO   2BB
02B6:  MOVLB  03
02B7:  MOVF   4C,W
02B8:  MOVWF  78
02B9:  GOTO   2C0
02BA:  MOVLB  00
02BB:  MOVLB  03
02BC:  INCF   4C,F
02BD:  GOTO   294
.................... } 
....................  // comando invalido, já que o comando não esta na lista_de_comandos   
....................    return cmd_Err ;    
02BE:  MOVLW  00
02BF:  MOVWF  78
02C0:  MOVLP  08
02C1:  MOVLB  00
02C2:  GOTO   69D (RETURN)
....................  } 
....................  
....................  
.................... void monta_out_buffer( int8 num_comando) { 
....................   
....................   // Os comandos podem ser(ou qualquer outro acrescentado em lista_comandos[] e em enum comandos): cmd_err, cmd_Baud ,cmd_Cal, cmd_Export, cmd_Factory, cmd_Find, cmd_i, cmd_I2c, cmd_Import, cmd_L, cmd_Plock, cmd_R, cmd_Sleep, cmd_Slope,cmd_Status, cmd_T, cmd_RT 
....................    switch(num_comando) { 
*
0AB8:  MOVLB  03
0AB9:  MOVF   4A,W
0ABA:  ADDLW  EF
0ABB:  BTFSC  03.0
0ABC:  GOTO   52E
0ABD:  ADDLW  11
0ABE:  MOVLB  00
0ABF:  GOTO   531
....................       
....................        case cmd_Baud: 
....................             
....................            break; 
0AC0:  MOVLB  03
0AC1:  GOTO   52E
....................             
....................        case cmd_Cal: 
....................               
....................            break; 
0AC2:  MOVLB  03
0AC3:  GOTO   52E
....................             
....................        case cmd_R: 
....................                   ANPH_R();// retorna uma única leitura do valor de ph (%.2f)  
....................            break;    
*
0B21:  MOVLB  03
0B22:  GOTO   52E
....................        case cmd_T: 
....................                   ANPH_T(); // Define a compensacao de temperatura 
....................            break ; 
*
0B61:  MOVLB  03
0B62:  GOTO   52E
....................             
....................          case cmd_RT: 
....................                  ANPH_RT(); // Faz R e T simultaneamente 
....................            break; 
*
0CDE:  MOVLB  03
0CDF:  GOTO   52E
....................         case cmd_Find: 
....................                   ANPH_FIND(); //Find: LED rapidly blinks white, used to help find device 
....................            break ;  
*
0D1A:  MOVLB  03
0D1B:  GOTO   52E
....................        case cmd_L: 
....................                   ANPH_L(); // LED CONTROL 
....................            break; 
*
0D27:  MOVLB  03
0D28:  GOTO   52E
....................        case cmd_err:  
....................                     out_buffer[0]= 2; // 2 sintax error "Comando invalido 
0D29:  MOVLW  02
0D2A:  MOVWF  53
....................            break; 
0D2B:  MOVLB  03
0D2C:  GOTO   52E
0D2D:  MOVLB  03
....................    }        
0D2E:  MOVLP  08
0D2F:  MOVLB  00
0D30:  GOTO   6A5 (RETURN)
....................         
.................... } 
....................  
....................  
.................... // Implementações de cada comando 
.................... int1 isStr_float(char *str_teste)  { 
*
05A5:  MOVLB  03
05A6:  CLRF   4D
05A7:  CLRF   4E
....................      
....................     int8 num_ponto=0; 
....................     int8 num_sinal_menos=0; 
....................      
.................... // retorna TRUE se a str for uma string float válida(número ponto flutuante positivo ou negativo Ex: 323.124, -2.32, 0.533, .32 ,-.32) ou FALSE caso contrário 
....................     for(int i=0; str_teste[i]!='\0'; i++){ 
05A8:  CLRF   4F
05A9:  MOVF   4F,W
05AA:  ADDWF  4B,W
05AB:  MOVWF  04
05AC:  MOVLW  00
05AD:  ADDWFC 4C,W
05AE:  MOVWF  05
05AF:  MOVF   00,F
05B0:  BTFSC  03.2
05B1:  GOTO   666
....................  
....................         if(i==0){ // o primeiro caracter pode ser digito(0-9) ou '-' 
05B2:  MOVF   4F,F
05B3:  BTFSS  03.2
05B4:  GOTO   5DC
....................             if (isdigit(str_teste[0])||(str_teste[0]=='-') )  { 
05B5:  MOVF   4B,W
05B6:  MOVWF  04
05B7:  MOVF   4C,W
05B8:  MOVWF  05
05B9:  ADDFSR 00,FSR0
05BA:  MOVF   00,W
05BB:  MOVWF  50
05BC:  MOVF   50,W
05BD:  SUBLW  2F
05BE:  BTFSC  03.0
05BF:  GOTO   5C4
05C0:  MOVF   50,W
05C1:  SUBLW  39
05C2:  BTFSC  03.0
05C3:  GOTO   5CD
05C4:  MOVF   4B,W
05C5:  MOVWF  04
05C6:  MOVF   4C,W
05C7:  MOVWF  05
05C8:  ADDFSR 00,FSR0
05C9:  MOVF   00,W
05CA:  SUBLW  2D
05CB:  BTFSS  03.2
05CC:  GOTO   5D8
....................                  if(str_teste[0]=='-') num_sinal_menos++; 
05CD:  MOVF   4B,W
05CE:  MOVWF  04
05CF:  MOVF   4C,W
05D0:  MOVWF  05
05D1:  ADDFSR 00,FSR0
05D2:  MOVF   00,W
05D3:  SUBLW  2D
05D4:  BTFSC  03.2
05D5:  INCF   4E,F
....................                  continue;  
05D6:  GOTO   664
....................             } 
05D7:  GOTO   5DB
....................             else return FALSE; //caracter não válido 
05D8:  MOVLW  00
05D9:  MOVWF  78
05DA:  GOTO   668
....................         } 
05DB:  GOTO   664
....................         else{ 
....................             if ((isdigit(str_teste[i])==TRUE)||(str_teste[i]=='.')||(str_teste[i]=='-') ) { 
05DC:  MOVF   4F,W
05DD:  ADDWF  4B,W
05DE:  MOVWF  04
05DF:  MOVLW  00
05E0:  ADDWFC 4C,W
05E1:  MOVWF  05
05E2:  MOVF   00,W
05E3:  MOVWF  50
05E4:  MOVF   50,W
05E5:  SUBLW  2F
05E6:  BTFSC  03.0
05E7:  GOTO   5EC
05E8:  MOVF   50,W
05E9:  SUBLW  39
05EA:  BTFSC  03.0
05EB:  GOTO   5EE
05EC:  MOVLW  00
05ED:  GOTO   5EF
05EE:  MOVLW  01
05EF:  SUBLW  01
05F0:  BTFSC  03.2
05F1:  GOTO   606
05F2:  MOVF   4F,W
05F3:  ADDWF  4B,W
05F4:  MOVWF  04
05F5:  MOVLW  00
05F6:  ADDWFC 4C,W
05F7:  MOVWF  05
05F8:  MOVF   00,W
05F9:  SUBLW  2E
05FA:  BTFSC  03.2
05FB:  GOTO   606
05FC:  MOVF   4F,W
05FD:  ADDWF  4B,W
05FE:  MOVWF  04
05FF:  MOVLW  00
0600:  ADDWFC 4C,W
0601:  MOVWF  05
0602:  MOVF   00,W
0603:  SUBLW  2D
0604:  BTFSS  03.2
0605:  GOTO   661
....................             
....................                      if(str_teste[i]=='.') {num_ponto++; if(num_ponto>1) return FALSE; } // só pode ter um ponto 
0606:  MOVF   4F,W
0607:  ADDWF  4B,W
0608:  MOVWF  04
0609:  MOVLW  00
060A:  ADDWFC 4C,W
060B:  MOVWF  05
060C:  MOVF   00,W
060D:  SUBLW  2E
060E:  BTFSS  03.2
060F:  GOTO   618
0610:  INCF   4D,F
0611:  MOVF   4D,W
0612:  SUBLW  01
0613:  BTFSC  03.0
0614:  GOTO   618
0615:  MOVLW  00
0616:  MOVWF  78
0617:  GOTO   668
....................                      if(str_teste[i]=='-') return FALSE; //o sinal de menos só pode ocorrer se i=0 
0618:  MOVF   4F,W
0619:  ADDWF  4B,W
061A:  MOVWF  04
061B:  MOVLW  00
061C:  ADDWFC 4C,W
061D:  MOVWF  05
061E:  MOVF   00,W
061F:  SUBLW  2D
0620:  BTFSS  03.2
0621:  GOTO   625
0622:  MOVLW  00
0623:  MOVWF  78
0624:  GOTO   668
....................                      if(str_teste[strlen(str_teste)-1]=='.') return FALSE; // o ultimo caracter não nulo não pode ser '.' 
0625:  MOVF   4C,W
0626:  MOVWF  52
0627:  MOVF   4B,W
0628:  MOVWF  51
*
0642:  MOVLW  01
0643:  SUBWF  78,W
0644:  ADDWF  4B,W
0645:  MOVWF  04
0646:  MOVLW  00
0647:  ADDWFC 4C,W
0648:  MOVWF  05
0649:  MOVF   00,W
064A:  SUBLW  2E
064B:  BTFSS  03.2
064C:  GOTO   650
064D:  MOVLW  00
064E:  MOVWF  78
064F:  GOTO   668
....................                      if (isdigit(str_teste[i]) ) continue ;  
0650:  MOVF   4F,W
0651:  ADDWF  4B,W
0652:  MOVWF  04
0653:  MOVLW  00
0654:  ADDWFC 4C,W
0655:  MOVWF  05
0656:  MOVF   00,W
0657:  MOVWF  50
0658:  MOVF   50,W
0659:  SUBLW  2F
065A:  BTFSC  03.0
065B:  GOTO   660
065C:  MOVF   50,W
065D:  SUBLW  39
065E:  BTFSC  03.0
065F:  GOTO   664
....................                   }     
0660:  GOTO   664
....................             else return FALSE; //caracter não válido 
0661:  MOVLW  00
0662:  MOVWF  78
0663:  GOTO   668
....................         } 
0664:  INCF   4F,F
0665:  GOTO   5A9
....................     } 
....................  return TRUE;       
0666:  MOVLW  01
0667:  MOVWF  78
0668:  MOVLB  00
0669:  RETURN
.................... } 
....................  
.................... float32 get_ph_value(float32 temp_C) { 
*
0B90:  MOVLW  01
0B91:  MOVWF  58
0B92:  MOVLP  00
0B93:  MOVLB  00
0B94:  CALL   36F
0B95:  MOVLP  08
0B96:  MOVF   7A,W
0B97:  MOVLB  03
0B98:  MOVWF  5B
0B99:  MOVF   79,W
0B9A:  MOVWF  5A
0B9B:  MOVF   78,W
0B9C:  MOVWF  59
0B9D:  MOVF   77,W
0B9E:  MOVWF  58
0B9F:  MOVF   5B,W
0BA0:  MOVWF  6B
0BA1:  MOVF   5A,W
0BA2:  MOVWF  6A
0BA3:  MOVF   59,W
0BA4:  MOVWF  69
0BA5:  MOVF   58,W
0BA6:  MOVWF  68
0BA7:  CLRF   6F
0BA8:  CLRF   6E
0BA9:  MOVLW  7A
0BAA:  MOVWF  6D
0BAB:  MOVLW  88
0BAC:  MOVWF  6C
0BAD:  MOVLP  00
0BAE:  MOVLB  00
0BAF:  CALL   2D3
0BB0:  MOVLP  08
0BB1:  MOVF   7A,W
0BB2:  MOVLB  03
0BB3:  MOVWF  53
0BB4:  MOVF   79,W
0BB5:  MOVWF  52
0BB6:  MOVF   78,W
0BB7:  MOVWF  51
0BB8:  MOVF   77,W
0BB9:  MOVWF  50
0BBA:  MOVLW  62
0BBB:  MOVWF  6B
0BBC:  MOVLW  F8
0BBD:  MOVWF  6A
0BBE:  MOVLW  88
0BBF:  MOVWF  69
0BC0:  MOVLW  79
0BC1:  MOVWF  68
0BC2:  MOVF   53,W
0BC3:  MOVWF  6F
0BC4:  MOVF   52,W
0BC5:  MOVWF  6E
0BC6:  MOVF   51,W
0BC7:  MOVWF  6D
0BC8:  MOVF   50,W
0BC9:  MOVWF  6C
0BCA:  MOVLP  00
0BCB:  MOVLB  00
0BCC:  CALL   2D3
0BCD:  MOVLP  08
0BCE:  MOVF   7A,W
0BCF:  MOVLB  03
0BD0:  MOVWF  5B
0BD1:  MOVF   79,W
0BD2:  MOVWF  5A
0BD3:  MOVF   78,W
0BD4:  MOVWF  59
0BD5:  MOVF   77,W
0BD6:  MOVWF  58
0BD7:  MOVF   05,W
0BD8:  MOVWF  5D
0BD9:  MOVF   04,W
0BDA:  MOVWF  5C
0BDB:  BCF    03.1
0BDC:  MOVF   5B,W
0BDD:  MOVWF  64
0BDE:  MOVF   5A,W
0BDF:  MOVWF  63
0BE0:  MOVF   59,W
0BE1:  MOVWF  62
0BE2:  MOVF   58,W
0BE3:  MOVWF  61
0BE4:  MOVLW  5E
0BE5:  MOVWF  68
0BE6:  MOVLW  BA
0BE7:  MOVWF  67
0BE8:  MOVLW  59
0BE9:  MOVWF  66
0BEA:  MOVLW  81
0BEB:  MOVWF  65
0BEC:  MOVLB  00
0BED:  CALL   000
0BEE:  MOVLB  03
0BEF:  MOVF   5D,W
0BF0:  MOVWF  05
0BF1:  MOVF   5C,W
0BF2:  MOVWF  04
0BF3:  MOVF   7A,W
0BF4:  MOVWF  57
0BF5:  MOVF   79,W
0BF6:  MOVWF  56
0BF7:  MOVF   78,W
0BF8:  MOVWF  55
0BF9:  MOVF   77,W
0BFA:  MOVWF  54
....................            
....................             float32 mcp_value_mV = read_adc_volts_mcp3421(MCP3421_ADDRESS)*1000 ; 
....................             float32 valor_ph = (-0.01672*mcp_value_mV) + 6.804; // curva do sensor de ph 
....................             valor_ph = (((7-valor_ph)*temp_C)/300) - ((7-valor_ph)/12) + valor_ph; // compensacao de temperatura 
0BFB:  BSF    03.1
0BFC:  CLRF   64
0BFD:  CLRF   63
0BFE:  MOVLW  60
0BFF:  MOVWF  62
0C00:  MOVLW  81
0C01:  MOVWF  61
0C02:  MOVF   57,W
0C03:  MOVWF  68
0C04:  MOVF   56,W
0C05:  MOVWF  67
0C06:  MOVF   55,W
0C07:  MOVWF  66
0C08:  MOVF   54,W
0C09:  MOVWF  65
0C0A:  MOVLB  00
0C0B:  CALL   000
0C0C:  MOVF   7A,W
0C0D:  MOVLB  03
0C0E:  MOVWF  5B
0C0F:  MOVF   79,W
0C10:  MOVWF  5A
0C11:  MOVF   78,W
0C12:  MOVWF  59
0C13:  MOVF   77,W
0C14:  MOVWF  58
0C15:  MOVF   5B,W
0C16:  MOVWF  6B
0C17:  MOVF   5A,W
0C18:  MOVWF  6A
0C19:  MOVF   59,W
0C1A:  MOVWF  69
0C1B:  MOVF   58,W
0C1C:  MOVWF  68
0C1D:  MOVF   4F,W
0C1E:  MOVWF  6F
0C1F:  MOVF   4E,W
0C20:  MOVWF  6E
0C21:  MOVF   4D,W
0C22:  MOVWF  6D
0C23:  MOVF   4C,W
0C24:  MOVWF  6C
0C25:  MOVLP  00
0C26:  MOVLB  00
0C27:  CALL   2D3
0C28:  MOVLP  08
0C29:  MOVF   7A,W
0C2A:  MOVLB  03
0C2B:  MOVWF  5B
0C2C:  MOVF   79,W
0C2D:  MOVWF  5A
0C2E:  MOVF   78,W
0C2F:  MOVWF  59
0C30:  MOVF   77,W
0C31:  MOVWF  58
0C32:  MOVF   5B,W
0C33:  MOVWF  64
0C34:  MOVF   5A,W
0C35:  MOVWF  63
0C36:  MOVF   59,W
0C37:  MOVWF  62
0C38:  MOVF   58,W
0C39:  MOVWF  61
0C3A:  CLRF   68
0C3B:  CLRF   67
0C3C:  MOVLW  16
0C3D:  MOVWF  66
0C3E:  MOVLW  87
0C3F:  MOVWF  65
0C40:  MOVLP  00
0C41:  MOVLB  00
0C42:  CALL   689
0C43:  MOVLP  08
0C44:  MOVF   7A,W
0C45:  MOVLB  03
0C46:  MOVWF  5B
0C47:  MOVF   79,W
0C48:  MOVWF  5A
0C49:  MOVF   78,W
0C4A:  MOVWF  59
0C4B:  MOVF   77,W
0C4C:  MOVWF  58
0C4D:  BSF    03.1
0C4E:  CLRF   64
0C4F:  CLRF   63
0C50:  MOVLW  60
0C51:  MOVWF  62
0C52:  MOVLW  81
0C53:  MOVWF  61
0C54:  MOVF   57,W
0C55:  MOVWF  68
0C56:  MOVF   56,W
0C57:  MOVWF  67
0C58:  MOVF   55,W
0C59:  MOVWF  66
0C5A:  MOVF   54,W
0C5B:  MOVWF  65
0C5C:  MOVLB  00
0C5D:  CALL   000
0C5E:  MOVF   7A,W
0C5F:  MOVLB  03
0C60:  MOVWF  5F
0C61:  MOVF   79,W
0C62:  MOVWF  5E
0C63:  MOVF   78,W
0C64:  MOVWF  5D
0C65:  MOVF   77,W
0C66:  MOVWF  5C
0C67:  MOVF   5F,W
0C68:  MOVWF  64
0C69:  MOVF   5E,W
0C6A:  MOVWF  63
0C6B:  MOVF   5D,W
0C6C:  MOVWF  62
0C6D:  MOVF   5C,W
0C6E:  MOVWF  61
0C6F:  CLRF   68
0C70:  CLRF   67
0C71:  MOVLW  40
0C72:  MOVWF  66
0C73:  MOVLW  82
0C74:  MOVWF  65
0C75:  MOVLP  00
0C76:  MOVLB  00
0C77:  CALL   689
0C78:  MOVLP  08
0C79:  BSF    03.1
0C7A:  MOVLB  03
0C7B:  MOVF   5B,W
0C7C:  MOVWF  64
0C7D:  MOVF   5A,W
0C7E:  MOVWF  63
0C7F:  MOVF   59,W
0C80:  MOVWF  62
0C81:  MOVF   58,W
0C82:  MOVWF  61
0C83:  MOVF   7A,W
0C84:  MOVWF  68
0C85:  MOVF   79,W
0C86:  MOVWF  67
0C87:  MOVF   78,W
0C88:  MOVWF  66
0C89:  MOVF   77,W
0C8A:  MOVWF  65
0C8B:  MOVLB  00
0C8C:  CALL   000
0C8D:  MOVF   7A,W
0C8E:  MOVLB  03
0C8F:  MOVWF  5B
0C90:  MOVF   79,W
0C91:  MOVWF  5A
0C92:  MOVF   78,W
0C93:  MOVWF  59
0C94:  MOVF   77,W
0C95:  MOVWF  58
0C96:  BCF    03.1
0C97:  MOVF   5B,W
0C98:  MOVWF  64
0C99:  MOVF   5A,W
0C9A:  MOVWF  63
0C9B:  MOVF   59,W
0C9C:  MOVWF  62
0C9D:  MOVF   58,W
0C9E:  MOVWF  61
0C9F:  MOVF   57,W
0CA0:  MOVWF  68
0CA1:  MOVF   56,W
0CA2:  MOVWF  67
0CA3:  MOVF   55,W
0CA4:  MOVWF  66
0CA5:  MOVF   54,W
0CA6:  MOVWF  65
0CA7:  MOVLB  00
0CA8:  CALL   000
0CA9:  MOVF   7A,W
0CAA:  MOVLB  03
0CAB:  MOVWF  57
0CAC:  MOVF   79,W
0CAD:  MOVWF  56
0CAE:  MOVF   78,W
0CAF:  MOVWF  55
0CB0:  MOVF   77,W
0CB1:  MOVWF  54
....................             //valor_ph = fator_k*valor_ph + fator_b; // ajuste do valor_ph usando os fatores de calibração k e beta (calibração feita pelo usuário) 
....................             return valor_ph ; 
0CB2:  MOVF   54,W
0CB3:  MOVWF  77
0CB4:  MOVF   55,W
0CB5:  MOVWF  78
0CB6:  MOVF   56,W
0CB7:  MOVWF  79
0CB8:  MOVF   57,W
0CB9:  MOVWF  7A
.................... } 
....................  
.................... void ANPH_R(void){ 
....................         if( (strcmp(CMD,in_buffer)==0)&&(CMD2[0]=='\0')&&(VALOR[0]=='\0')) { // comando passado é da forma R 
*
0AC4:  MOVLW  20
0AC5:  MOVLB  03
0AC6:  MOVWF  51
0AC7:  MOVLW  5C
0AC8:  MOVWF  50
0AC9:  MOVLW  20
0ACA:  MOVWF  53
0ACB:  MOVLW  0A
0ACC:  MOVWF  52
0ACD:  MOVLP  00
0ACE:  MOVLB  00
0ACF:  CALL   251
0AD0:  MOVLP  08
0AD1:  MOVF   78,F
0AD2:  BTFSS  03.2
0AD3:  GOTO   31F
0AD4:  MOVLB  01
0AD5:  MOVF   34,F
0AD6:  BTFSC  03.2
0AD7:  GOTO   2DA
0AD8:  MOVLB  00
0AD9:  GOTO   31F
0ADA:  MOVF   3A,F
0ADB:  BTFSC  03.2
0ADC:  GOTO   2DF
0ADD:  MOVLB  00
0ADE:  GOTO   31F
....................         sprintf(out_buffer,"%.2f",read_adc_volts_mcp3421(MCP3421_ADDRESS)*1000 /*get_ph_value(temp_solucao)*/) ; 
0ADF:  MOVLW  01
0AE0:  MOVLB  03
0AE1:  MOVWF  58
0AE2:  MOVLP  00
0AE3:  MOVLB  00
0AE4:  CALL   36F
0AE5:  MOVLP  08
0AE6:  MOVF   7A,W
0AE7:  MOVLB  03
0AE8:  MOVWF  4F
0AE9:  MOVF   79,W
0AEA:  MOVWF  4E
0AEB:  MOVF   78,W
0AEC:  MOVWF  4D
0AED:  MOVF   77,W
0AEE:  MOVWF  4C
0AEF:  MOVF   4F,W
0AF0:  MOVWF  6B
0AF1:  MOVF   4E,W
0AF2:  MOVWF  6A
0AF3:  MOVF   4D,W
0AF4:  MOVWF  69
0AF5:  MOVF   4C,W
0AF6:  MOVWF  68
0AF7:  CLRF   6F
0AF8:  CLRF   6E
0AF9:  MOVLW  7A
0AFA:  MOVWF  6D
0AFB:  MOVLW  88
0AFC:  MOVWF  6C
0AFD:  MOVLP  00
0AFE:  MOVLB  00
0AFF:  CALL   2D3
0B00:  MOVLP  08
0B01:  MOVF   7A,W
0B02:  MOVLB  03
0B03:  MOVWF  4F
0B04:  MOVF   79,W
0B05:  MOVWF  4E
0B06:  MOVF   78,W
0B07:  MOVWF  4D
0B08:  MOVF   77,W
0B09:  MOVWF  4C
0B0A:  MOVLW  20
0B0B:  MOVWF  44
0B0C:  MOVLW  33
0B0D:  MOVWF  43
0B0E:  MOVLW  89
0B0F:  MOVWF  04
0B10:  MOVF   4F,W
0B11:  MOVWF  53
0B12:  MOVF   4E,W
0B13:  MOVWF  52
0B14:  MOVF   4D,W
0B15:  MOVWF  51
0B16:  MOVF   4C,W
0B17:  MOVWF  50
0B18:  MOVLW  02
0B19:  MOVWF  54
0B1A:  MOVLP  00
0B1B:  MOVLB  00
0B1C:  CALL   4B0
0B1D:  MOVLP  08
....................         } 
0B1E:  GOTO   321
....................         else out_buffer[0]= 2; // 2 sintax error 
0B1F:  MOVLW  02
0B20:  MOVWF  53
.................... } 
....................  
.................... void ANPH_T(void){ 
....................      
....................     if( (CMD2[0]=='\0')&&(VALOR[0]!='\0') ) { // comando passado é da forma T,VALOR 
0B23:  MOVLB  01
0B24:  MOVF   34,F
0B25:  BTFSS  03.2
0B26:  GOTO   35E
0B27:  MOVF   3A,F
0B28:  BTFSC  03.2
0B29:  GOTO   35E
....................          
....................         if(isStr_float(VALOR))  
0B2A:  MOVLW  20
0B2B:  MOVLB  03
0B2C:  MOVWF  4C
0B2D:  MOVLW  6A
0B2E:  MOVWF  4B
0B2F:  MOVLP  00
0B30:  MOVLB  00
0B31:  CALL   5A5
0B32:  MOVLP  08
0B33:  MOVF   78,F
0B34:  BTFSC  03.2
0B35:  GOTO   35A
....................              { 
....................               temp_solucao= atof(VALOR) ; sprintf(out_buffer,"OK") ;  
0B36:  MOVLW  20
0B37:  MOVLB  03
0B38:  MOVWF  4C
0B39:  MOVLW  6A
0B3A:  MOVWF  4B
0B3B:  CLRF   4E
0B3C:  CLRF   4D
0B3D:  MOVLB  00
0B3E:  CALL   17E
0B3F:  MOVF   7A,W
0B40:  MOVLB  03
0B41:  MOVWF  42
0B42:  MOVF   79,W
0B43:  MOVWF  41
0B44:  MOVF   78,W
0B45:  MOVWF  40
0B46:  MOVF   77,W
0B47:  MOVWF  3F
0B48:  MOVLW  20
0B49:  MOVWF  44
0B4A:  MOVLW  33
0B4B:  MOVWF  43
0B4C:  MOVLW  4F
0B4D:  MOVWF  60
0B4E:  MOVLP  00
0B4F:  MOVLB  00
0B50:  CALL   4A3
0B51:  MOVLP  08
0B52:  MOVLW  4B
0B53:  MOVLB  03
0B54:  MOVWF  60
0B55:  MOVLP  00
0B56:  MOVLB  00
0B57:  CALL   4A3
0B58:  MOVLP  08
....................              } 
0B59:  GOTO   35C
....................         else out_buffer[0]= 2; // 2 sintax errorfloat invalido 
0B5A:  MOVLW  02
0B5B:  MOVWF  53
....................     } 
0B5C:  GOTO   361
0B5D:  MOVLB  01
....................     else out_buffer[0]= 2; // 2 sintax error 
0B5E:  MOVLW  02
0B5F:  MOVLB  00
0B60:  MOVWF  53
.................... } 
....................  
.................... void ANPH_RT(void) { 
....................      
....................     if( (CMD2[0]=='\0')&&(VALOR[0]!='\0') ) { 
0B63:  MOVLB  01
0B64:  MOVF   34,F
0B65:  BTFSS  03.2
0B66:  GOTO   4DB
0B67:  MOVF   3A,F
0B68:  BTFSC  03.2
0B69:  GOTO   4DB
....................              if( isStr_float(VALOR) )  
0B6A:  MOVLW  20
0B6B:  MOVLB  03
0B6C:  MOVWF  4C
0B6D:  MOVLW  6A
0B6E:  MOVWF  4B
0B6F:  MOVLP  00
0B70:  MOVLB  00
0B71:  CALL   5A5
0B72:  MOVLP  08
0B73:  MOVF   78,F
0B74:  BTFSC  03.2
0B75:  GOTO   4D7
....................              { 
....................               temp_solucao= atof(VALOR) ; 
0B76:  MOVLW  20
0B77:  MOVLB  03
0B78:  MOVWF  4C
0B79:  MOVLW  6A
0B7A:  MOVWF  4B
0B7B:  CLRF   4E
0B7C:  CLRF   4D
0B7D:  MOVLB  00
0B7E:  CALL   17E
0B7F:  MOVF   7A,W
0B80:  MOVLB  03
0B81:  MOVWF  42
0B82:  MOVF   79,W
0B83:  MOVWF  41
0B84:  MOVF   78,W
0B85:  MOVWF  40
0B86:  MOVF   77,W
0B87:  MOVWF  3F
....................               sprintf(out_buffer,"%.2f", get_ph_value(temp_solucao) ) ; 
0B88:  MOVF   42,W
0B89:  MOVWF  4F
0B8A:  MOVF   41,W
0B8B:  MOVWF  4E
0B8C:  MOVF   40,W
0B8D:  MOVWF  4D
0B8E:  MOVF   3F,W
0B8F:  MOVWF  4C
*
0CBA:  MOVF   7A,W
0CBB:  MOVWF  4F
0CBC:  MOVF   79,W
0CBD:  MOVWF  4E
0CBE:  MOVF   78,W
0CBF:  MOVWF  4D
0CC0:  MOVF   77,W
0CC1:  MOVWF  4C
0CC2:  MOVLW  20
0CC3:  MOVWF  44
0CC4:  MOVLW  33
0CC5:  MOVWF  43
0CC6:  MOVLW  89
0CC7:  MOVWF  04
0CC8:  MOVF   4F,W
0CC9:  MOVWF  53
0CCA:  MOVF   4E,W
0CCB:  MOVWF  52
0CCC:  MOVF   4D,W
0CCD:  MOVWF  51
0CCE:  MOVF   4C,W
0CCF:  MOVWF  50
0CD0:  MOVLW  02
0CD1:  MOVWF  54
0CD2:  MOVLP  00
0CD3:  MOVLB  00
0CD4:  CALL   4B0
0CD5:  MOVLP  08
....................              } 
0CD6:  GOTO   4D9
....................              else out_buffer[0]= 2;  // ErroSintaxe: float invalido   
0CD7:  MOVLW  02
0CD8:  MOVWF  53
....................     } 
0CD9:  GOTO   4DE
0CDA:  MOVLB  01
....................     else out_buffer[0]= 2; // 2 sintax error ; O comando passado não é da forma RT,VALOR 
0CDB:  MOVLW  02
0CDC:  MOVLB  00
0CDD:  MOVWF  53
.................... } 
....................  
.................... void ANPH_FIND(void){ 
....................      
....................     if( (strcmp(CMD,in_buffer)==0)&&(CMD2[0]=='\0')&&(VALOR[0]=='\0')) { // comando passado é da forma FIND 
0CE0:  MOVLW  20
0CE1:  MOVLB  03
0CE2:  MOVWF  51
0CE3:  MOVLW  5C
0CE4:  MOVWF  50
0CE5:  MOVLW  20
0CE6:  MOVWF  53
0CE7:  MOVLW  0A
0CE8:  MOVWF  52
0CE9:  MOVLP  00
0CEA:  MOVLB  00
0CEB:  CALL   251
0CEC:  MOVLP  08
0CED:  MOVF   78,F
0CEE:  BTFSS  03.2
0CEF:  GOTO   518
0CF0:  MOVLB  01
0CF1:  MOVF   34,F
0CF2:  BTFSC  03.2
0CF3:  GOTO   4F6
0CF4:  MOVLB  00
0CF5:  GOTO   518
0CF6:  MOVF   3A,F
0CF7:  BTFSC  03.2
0CF8:  GOTO   4FB
0CF9:  MOVLB  00
0CFA:  GOTO   518
....................          
....................         //Response: DEC NULL 
....................         //           1  0 
....................         out_buffer[0]=1; 
0CFB:  MOVLW  01
0CFC:  MOVLB  00
0CFD:  MOVWF  53
....................         in_buffer[0]=0; //sentinela do comando FIND 
0CFE:  CLRF   2A
....................          
....................         while(in_buffer[0]==0){// fica piscando o led até o usuário enviar um caracter(in_buffer[0]=!0) 
0CFF:  MOVF   2A,F
0D00:  BTFSS  03.2
0D01:  GOTO   517
....................             LATA1=!LATA1 ; 
0D02:  MOVLW  02
0D03:  MOVLB  02
0D04:  XORWF  0C,F
....................             delay_ms(100); 
0D05:  MOVLW  64
0D06:  MOVLB  03
0D07:  MOVWF  4B
0D08:  MOVLP  00
0D09:  MOVLB  00
0D0A:  CALL   755
0D0B:  MOVLP  08
....................             LATA1=!LATA1 ; 
0D0C:  MOVLW  02
0D0D:  MOVLB  02
0D0E:  XORWF  0C,F
....................             delay_ms(100); 
0D0F:  MOVLW  64
0D10:  MOVLB  03
0D11:  MOVWF  4B
0D12:  MOVLP  00
0D13:  MOVLB  00
0D14:  CALL   755
0D15:  MOVLP  08
0D16:  GOTO   4FF
....................         } 
....................          
....................          
....................         } 
0D17:  GOTO   51A
....................      
....................     else out_buffer[0]= 2; // 2 sintax error   
0D18:  MOVLW  02
0D19:  MOVWF  53
.................... } 
....................  
.................... void ANPH_L(void){ 
.................... /* Comando sintaxe 
....................  L,1 // LED on ; Response: 1(DEC) 0(NULL) 
....................  L,0  //  LED off ; Response: 1(DEC) 0(NULL) 
....................  L,? // LED state on/off? ; Response: 1(DEC) ?L,1 0(NULL) ou 1(DEC) ?L,0 0(NULL) 
....................  */   
....................  if( (CMD2[0]=='\0')&&(VALOR[0]!='\0') ){ 
0D1C:  MOVLB  01
0D1D:  MOVF   34,F
0D1E:  BTFSS  03.2
0D1F:  GOTO   523
0D20:  MOVF   3A,F
0D21:  BTFSS  03.2
....................   
....................   
....................  
....................       
....................       
....................  } 
0D22:  GOTO   527
....................   
....................  else out_buffer[0]= 2; // 2 sintax error ; O comando passado não é da forma RT,VALOR 
0D23:  MOVLW  02
0D24:  MOVLB  00
0D25:  MOVWF  53
0D26:  MOVLB  01
.................... } 
....................  
....................  
.................... // Funções de comunicação com o MCP3421 
.................... #ifndef debug  
....................  
.................... ////////////////////////////////////////////////////////////////////////////////// 
.................... // adc_init() 
.................... // Purpose: To initialize the MCP3421. 
.................... // Parameters: address - Optional parameter for specifying the address of the 
.................... //                       MCP3421 to initialize.  Allows for initializing multiple 
.................... //                       devices on same bus.  Driver only supports one device 
.................... //                       configuration.  Defaults to MCP3421_ADDRESS if not 
.................... //                       specified. 
.................... // Returns:    Nothing. 
.................... ////////////////////////////////////////////////////////////////////////////////// 
....................  
.................... void adc_init(unsigned int8 address=MCP3421_ADDRESS) 
.................... { 
....................   i2c_start(MCP3421_STREAM);  //send I2C start 
*
00A6:  MOVLB  04
00A7:  BSF    1E.0
00A8:  BTFSC  1E.0
00A9:  GOTO   0A8
....................   i2c_write(MCP3421_STREAM, MCP3421_DEVICE_CODE | (address << 1));  //send write command 
00AA:  BCF    03.0
00AB:  MOVLB  03
00AC:  RLF    4C,W
00AD:  IORLW  D0
00AE:  MOVWF  4D
00AF:  MOVWF  6B
00B0:  MOVLB  00
00B1:  CALL   071
....................   i2c_write(MCP3421_STREAM, MCP3421_MODE | MCP3421_BITS | MCP3421_GAIN);  //send device configuration 
00B2:  MOVLW  1C
00B3:  MOVLB  03
00B4:  MOVWF  6B
00B5:  MOVLB  00
00B6:  CALL   071
....................   i2c_stop(MCP3421_STREAM);  //send I2C stop 
00B7:  MOVLB  04
00B8:  BSF    1E.2
00B9:  BTFSC  1E.2
00BA:  GOTO   0B9
.................... } 
....................  
.................... ////////////////////////////////////////////////////////////////////////////////// 
.................... // read_adc_mcp3421() 
.................... // Purpose: To read the last adc conversion from device, raw value read from 
.................... //          device. If device configured for One-Shot mode, it will initiate the 
.................... //          conversion.  Function will wait for a new conversion before returning. 
.................... // Parameter: address - Optional parameter for specifying the address of the 
.................... //                      MCP3421 to read.  Allows for reading multiple devices on 
.................... //                      same bus.  Defaults to MCP3421_ADDRESS if not specified. 
.................... // Returns:   signed int32 or signed int16 value depending MCP3421_BITS value. 
.................... ////////////////////////////////////////////////////////////////////////////////// 
.................... #if MCP3421_BITS == MCP3421_18BITS 
.................... signed int32 read_adc_mcp3421(unsigned int8 address=MCP3421_ADDRESS) 
.................... #else 
*
0372:  MOVLW  80
0373:  MOVWF  69
.................... signed int16 read_adc_mcp3421(unsigned int8 address=MCP3421_ADDRESS) 
.................... #endif 
.................... { 
....................   union 
....................   { 
....................    #if MCP3421_BITS == MCP3421_18BITS 
....................     signed int32 sint32; 
....................     unsigned int8 b[4]; 
....................    #else 
....................     signed int16 sint16; 
....................     unsigned int8 b[2]; 
....................    #endif 
....................   } result; 
....................   unsigned int8 status = 0x80; 
....................  
....................   #if MCP3421_MODE == MCP3421_ONE_SHOT 
....................    i2c_start(MCP3421_STREAM);  //send I2C start 
....................    i2c_write(MCP3421_STREAM, MCP3421_DEVICE_CODE | (address << 1));  //send write command 
....................    i2c_write(MCP3421_STREAM, MCP3421_START_CONVERSTION | MCP3421_MODE | MCP3421_BITS | MCP3421_GAIN);  //initiate conversion 
....................    i2c_stop(MCP3421_STREAM);  //send I2C stop 
....................   #endif 
....................  
....................    i2c_start(MCP3421_STREAM);  //send I2C start 
0374:  MOVLB  04
0375:  BSF    1E.0
0376:  BTFSC  1E.0
0377:  GOTO   376
....................    i2c_write(MCP3421_STREAM, MCP3421_DEVICE_CODE | (address << 1) | 1);  //send read command 
0378:  BCF    03.0
0379:  MOVLB  03
037A:  RLF    64,W
037B:  IORLW  D0
037C:  IORLW  01
037D:  MOVWF  6A
037E:  MOVWF  6B
037F:  MOVLB  00
0380:  CALL   071
....................  
....................   #if MCP3421_BITS == MCP3421_18BITS 
....................    result.b[2] = i2c_read(MCP3421_STREAM, 1);  //read MSB 18 Bit mode 
0381:  MOVLW  01
0382:  MOVWF  77
0383:  CALL   2C3
0384:  MOVF   78,W
0385:  MOVLB  03
0386:  MOVWF  67
....................   #endif 
....................    result.b[1] = i2c_read(MCP3421_STREAM, 1);  //read 2nd MSB 18 Bit mode, read MSB 16, 14 or 12 Bit mode 
0387:  MOVLW  01
0388:  MOVWF  77
0389:  MOVLB  00
038A:  CALL   2C3
038B:  MOVF   78,W
038C:  MOVLB  03
038D:  MOVWF  66
....................    result.b[0] = i2c_read(MCP3421_STREAM, 1);  //read LSB 
038E:  MOVLW  01
038F:  MOVWF  77
0390:  MOVLB  00
0391:  CALL   2C3
0392:  MOVF   78,W
0393:  MOVLB  03
0394:  MOVWF  65
....................    status = i2c_read(MCP3421_STREAM, 1);       //read Status 
0395:  MOVLW  01
0396:  MOVWF  77
0397:  MOVLB  00
0398:  CALL   2C3
0399:  MOVF   78,W
039A:  MOVLB  03
039B:  MOVWF  69
....................  
....................    if(bit_test(status,7))  //if RDY = 1, New conversion not ready 
039C:  BTFSS  69.7
039D:  GOTO   3D1
....................    { 
....................      do 
....................      { 
....................        status = i2c_read(MCP3421_STREAM, 1);  //read Status 
039E:  MOVLW  01
039F:  MOVWF  77
03A0:  MOVLB  00
03A1:  CALL   2C3
03A2:  MOVF   78,W
03A3:  MOVLB  03
03A4:  MOVWF  69
....................      } while(bit_test(status, 7)); //until RDY = 0 
03A5:  BTFSC  69.7
03A6:  GOTO   39E
....................  
....................      status = i2c_read(MCP3421_STREAM, 0);  //read Status, do nack 
03A7:  CLRF   77
03A8:  MOVLB  00
03A9:  CALL   2C3
03AA:  MOVF   78,W
03AB:  MOVLB  03
03AC:  MOVWF  69
....................      i2c_stop();  //send I2C stop 
03AD:  MOVLB  04
03AE:  BSF    1E.2
03AF:  BTFSC  1E.2
03B0:  GOTO   3AF
....................  
....................      i2c_start(MCP3421_STREAM);  //send I2C start 
03B1:  BSF    1E.0
03B2:  BTFSC  1E.0
03B3:  GOTO   3B2
....................      i2c_write(MCP3421_STREAM, MCP3421_DEVICE_CODE | (address << 1) | 1);  //send read command 
03B4:  BCF    03.0
03B5:  MOVLB  03
03B6:  RLF    64,W
03B7:  IORLW  D0
03B8:  IORLW  01
03B9:  MOVWF  6A
03BA:  MOVWF  6B
03BB:  MOVLB  00
03BC:  CALL   071
....................  
....................     #if MCP3421_BITS == MCP3421_18BITS 
....................      result.b[2] = i2c_read(MCP3421_STREAM, 1);  //read MSB 18 Bit mode 
03BD:  MOVLW  01
03BE:  MOVWF  77
03BF:  CALL   2C3
03C0:  MOVF   78,W
03C1:  MOVLB  03
03C2:  MOVWF  67
....................     #endif 
....................      result.b[1] = i2c_read(MCP3421_STREAM, 1);  //read 2nd MSB 18 Bit mode, read MSB 16, 14 or 12 Bit mode 
03C3:  MOVLW  01
03C4:  MOVWF  77
03C5:  MOVLB  00
03C6:  CALL   2C3
03C7:  MOVF   78,W
03C8:  MOVLB  03
03C9:  MOVWF  66
....................      result.b[0] = i2c_read(MCP3421_STREAM, 1);  //read LSB 
03CA:  MOVLW  01
03CB:  MOVWF  77
03CC:  MOVLB  00
03CD:  CALL   2C3
03CE:  MOVF   78,W
03CF:  MOVLB  03
03D0:  MOVWF  65
....................    } 
....................  
....................    status = i2c_read(MCP3421_STREAM, 0);  //read Status, do nack 
03D1:  CLRF   77
03D2:  MOVLB  00
03D3:  CALL   2C3
03D4:  MOVF   78,W
03D5:  MOVLB  03
03D6:  MOVWF  69
....................    i2c_stop();  //send I2C stop 
03D7:  MOVLB  04
03D8:  BSF    1E.2
03D9:  BTFSC  1E.2
03DA:  GOTO   3D9
....................  
....................   #if MCP3421_BITS == MCP3421_18BITS 
....................    if(bit_test(result.b[2],1))  //if 18 Bit mode check sign bit 
03DB:  MOVLB  03
03DC:  BTFSS  67.1
03DD:  GOTO   3E1
....................      result.b[3] = 0xFF; 
03DE:  MOVLW  FF
03DF:  MOVWF  68
03E0:  GOTO   3E2
....................    else 
....................      result.b[3] = 0; 
03E1:  CLRF   68
....................   #endif 
....................  
....................   #if MCP3421_BITS == MCP3421_18BITS 
....................    return(result.sint32); 
03E2:  MOVF   65,W
03E3:  MOVWF  77
03E4:  MOVF   66,W
03E5:  MOVWF  78
03E6:  MOVF   67,W
03E7:  MOVWF  79
03E8:  MOVF   68,W
03E9:  MOVWF  7A
....................   #else 
....................    return(result.sint16); 
....................   #endif 
.................... } 
....................  
.................... ////////////////////////////////////////////////////////////////////////////////// 
.................... // read_adc_volts_mcp3421() 
.................... // Purpose: To read the last adc conversion from device, actual volt value read 
.................... //          from device. 
.................... // Parameter: address - Optional parameter for specifying the address of the 
.................... //                      MCP3421 to read.  Allows for reading multiple devices on 
.................... //                      same bus.  Defaults to MCP3421_ADDRESS if not specified. 
.................... // Returns:   float32 
.................... ////////////////////////////////////////////////////////////////////////////////// 
.................... float32 read_adc_volts_mcp3421(unsigned int8 address=MCP3421_ADDRESS) 
.................... { 
....................   #if MCP3421_BITS == MCP3421_18BITS 
....................    signed int32 result; 
....................   #else 
....................    signed int16 result; 
....................   #endif 
....................  
....................   float32 fresult; 
....................  
....................   result = read_adc_mcp3421(address); 
*
036F:  MOVLB  03
0370:  MOVF   58,W
0371:  MOVWF  64
*
03EA:  MOVF   7A,W
03EB:  MOVWF  5C
03EC:  MOVF   79,W
03ED:  MOVWF  5B
03EE:  MOVF   78,W
03EF:  MOVWF  5A
03F0:  MOVF   77,W
03F1:  MOVWF  59
....................  
....................   #if MCP3421_BITS == MCP3421_12BITS 
....................    fresult = (float32)result * 0.001; 
....................   #elif MCP3421_BITS == MCP3421_14BITS 
....................    fresult = (float32)result * 0.00025; 
....................   #elif MCP3421_BITS == MCP3421_16BITS 
....................    fresult = (float32)result * 0.0000625; 
....................   #else 
....................    fresult = (float32)result * 0.000015625; 
03F2:  MOVF   5C,W
03F3:  MOVWF  67
03F4:  MOVF   5B,W
03F5:  MOVWF  66
03F6:  MOVF   5A,W
03F7:  MOVWF  65
03F8:  MOVF   59,W
03F9:  MOVWF  64
*
0427:  MOVF   7A,W
0428:  MOVWF  67
0429:  MOVF   79,W
042A:  MOVWF  66
042B:  MOVF   78,W
042C:  MOVWF  65
042D:  MOVF   77,W
042E:  MOVWF  64
042F:  MOVF   67,W
0430:  MOVWF  6B
0431:  MOVF   66,W
0432:  MOVWF  6A
0433:  MOVF   65,W
0434:  MOVWF  69
0435:  MOVF   64,W
0436:  MOVWF  68
0437:  MOVLW  6F
0438:  MOVWF  6F
0439:  MOVLW  12
043A:  MOVWF  6E
043B:  MOVLW  03
043C:  MOVWF  6D
043D:  MOVLW  6F
043E:  MOVWF  6C
043F:  MOVLB  00
0440:  CALL   2D3
0441:  MOVF   7A,W
0442:  MOVLB  03
0443:  MOVWF  60
0444:  MOVF   79,W
0445:  MOVWF  5F
0446:  MOVF   78,W
0447:  MOVWF  5E
0448:  MOVF   77,W
0449:  MOVWF  5D
....................   #endif 
....................  
....................   #if MCP3421_GAIN == MCP3421_8X_GAIN 
....................    fresult /= 8; 
....................   #elif MCP3421_GAIN == MCP3421_4X_GAIN 
....................    fresult /= 4; 
....................   #elif MCP3421_gain == MCP3421_2X_GAIN 
....................    fresult /= 2; 
....................   #endif 
....................  
....................    return(fresult); 
044A:  MOVF   5D,W
044B:  MOVWF  77
044C:  MOVF   5E,W
044D:  MOVWF  78
044E:  MOVF   5F,W
044F:  MOVWF  79
0450:  MOVF   60,W
0451:  MOVWF  7A
0452:  MOVLB  00
0453:  RETURN
.................... } 
....................  
....................  
.................... #endif 

Configuration Fuses:
   Word  1: 3FEC   NOEXTOSC RSTOSC_HFINTRC NOCLKOUT CKS FCMEN
   Word  2: 3FF1   MCLR PUT NOWDT NOLPBOR BROWNOUT BORV24 PPS1WAY STVREN NODEBUG
   Word  3: 1FFC   WRT NOLVP
   Word  4: 3FFC   PROTECT CPD
